# Created from running fit_sim_data_1.py with the --optimize_trna_charging_kinetics option, on Fri May 15 12:41:34 2026.
"synthetase_id__condition"	"synthetase (units.umol/units.L)"	"amino_acid (units.umol/units.L)"	"trnas"	"codons"
"ALAS-CPLX[c]__basal"	0.742318920819018	1115.6666666666667	{"alaT-tRNA[c]": 4.205552396355631, "alaU-tRNA[c]": 3.783683947540878, "alaV-tRNA[c]": 3.35853247577815, "alaW-tRNA[c]": 1.4740773036406543, "alaX-tRNA[c]": 1.4740773036406543}	{"GCA": 8.918439975340624, "GCC": 6.235155236323649, "GCG": 9.890544807771155, "GCU": 12.050945949930911}
"ALAS-CPLX[c]__with_aa"	0.7804733314233	2231.3333333333335	{"alaT-tRNA[c]": 6.077927776160476, "alaU-tRNA[c]": 5.048232759995525, "alaV-tRNA[c]": 4.090771180898695, "alaW-tRNA[c]": 1.7918314848224735, "alaX-tRNA[c]": 1.7918314848224735}	{"GCA": 14.909428535651584, "GCC": 9.740326168556633, "GCG": 15.77394001079903, "GCU": 20.802901660568498}
"ARGS-MONOMER[c]__basal"	0.667200264160845	286.6666666666667	{"argQ-tRNA[c]": 5.160912074216278, "argU-tRNA[c]": 3.1139472661540326, "argV-tRNA[c]": 5.160912074216278, "argW-tRNA[c]": 2.0469648080622456, "argX-tRNA[c]": 3.1385699382638435, "argY-tRNA[c]": 5.160912074216278, "argZ-tRNA[c]": 5.160912074216278}	{"AGA": 0.3033299800132743, "AGG": 0.10467757062815206, "CGA": 0.40780671010456127, "CGC": 7.115106586453847, "CGG": 0.5737264218634396, "CGU": 12.077511636308223}
"ARGS-MONOMER[c]__with_aa"	0.627448062442113	6613.523410246838	{"argQ-tRNA[c]": 6.328533578233549, "argU-tRNA[c]": 3.584400045533397, "argV-tRNA[c]": 6.175221793435904, "argW-tRNA[c]": 2.127938089955771, "argX-tRNA[c]": 3.5497574787762365, "argY-tRNA[c]": 6.175221793435904, "argZ-tRNA[c]": 6.175221793435904}	{"AGA": 0.47347135828420067, "AGG": 0.1548272398898911, "CGA": 0.6208497045753855, "CGC": 11.849865767457034, "CGG": 0.8703715618907469, "CGU": 21.022478917209455}
"ASNS-CPLX[c]__basal"	2.49104076352493	431.5	{"asnT-tRNA[c]": 1.341114874247678, "asnU-tRNA[c]": 1.341114874247678, "asnV-tRNA[c]": 1.341114874247678, "RNA0-304[c]": 1.341114874247678}	{"AAC": 11.407443819061363, "AAU": 3.894796232261731}
"ASNS-CPLX[c]__with_aa"	1.84665204748203	863.0	{"asnT-tRNA[c]": 1.7778270429419194, "asnU-tRNA[c]": 1.7778270429419194, "asnV-tRNA[c]": 1.7778270429419194, "RNA0-304[c]": 1.7778270429419194}	{"AAC": 18.752506823156267, "AAU": 6.035906979797365}
"ASPS-CPLX[c]__basal"	0.577147387503871	2533.0	{"aspT-tRNA[c]": 3.522683623176887, "aspU-tRNA[c]": 3.522683623176887, "aspV-tRNA[c]": 3.522683623176887}	{"GAC": 11.033390817810156, "GAU": 9.996620504368384}
"ASPS-CPLX[c]__with_aa"	0.519386923962712	5066.0	{"aspT-tRNA[c]": 4.891235595755629, "aspU-tRNA[c]": 4.891235595755629, "aspV-tRNA[c]": 4.891235595755629}	{"GAC": 18.200497923994913, "GAU": 15.884365717820508}
"CYSS-MONOMER[c]__basal"	0.641199941325404	21.7	{"cysT-tRNA[c]": 6.472479741932183}	{"UGC": 1.7670803790177982, "UGU": 1.0423102367483463}
"CYSS-MONOMER[c]__with_aa"	0.67079707685998	43.4	{"cysT-tRNA[c]": 7.281572701999677}	{"UGC": 2.8264967315239304, "UGU": 1.6419850334148363}
"GLURS-MONOMER[c]__basal"	3.12744401815049	24900.0	{"gltT-tRNA[c]": 4.057816363696769, "gltU-tRNA[c]": 4.313892153638797, "gltV-tRNA[c]": 4.013495553899109, "gltW-tRNA[c]": 3.130362380893906}	{"GAA": 18.533163060836596, "GAG": 6.162448376048829}
"GLURS-MONOMER[c]__with_aa"	2.88966744443899	49800.0	{"gltT-tRNA[c]": 5.709389831935368, "gltU-tRNA[c]": 6.355805386106206, "gltV-tRNA[c]": 5.597354296890935, "gltW-tRNA[c]": 3.614620156959856}	{"GAA": 30.72504611405094, "GAG": 10.09898297859723}
"GLNS-MONOMER[c]__basal"	1.33502393290191	4020.0000000000005	{"glnU-tRNA[c]": 2.101134686703828, "glnV-tRNA[c]": 2.101134686703828, "glnW-tRNA[c]": 2.101134686703828, "glnX-tRNA[c]": 2.101134686703828}	{"CAA": 3.6396128145966813, "CAG": 10.70322405979363}
"GLNS-MONOMER[c]__with_aa"	1.35187822984697	8040.000000000001	{"glnU-tRNA[c]": 2.4832086681887757, "glnV-tRNA[c]": 2.6040891138946107, "glnW-tRNA[c]": 2.6040891138946107, "glnX-tRNA[c]": 2.6040891138946107}	{"CAA": 5.8065150805904135, "CAG": 17.36234335421573}
"GLYS-CPLX[c]__basal"	0.842675409711786	623.5	{"glyT-tRNA[c]": 4.914685353118173, "glyU-tRNA[c]": 4.914685353118173, "glyV-tRNA[c]": 4.814553153204944, "glyW-tRNA[c]": 4.814553153204944, "glyX-tRNA[c]": 4.814553153204944, "glyY-tRNA[c]": 4.814553153204944}	{"GGA": 1.3233451932164897, "GGC": 12.200885478372442, "GGG": 1.814739924613539, "GGU": 13.815964050045494}
"GLYS-CPLX[c]__with_aa"	0.93491543869952	1247.0	{"glyT-tRNA[c]": 5.489004141288754, "glyU-tRNA[c]": 5.489004141288754, "glyV-tRNA[c]": 6.077190700272026, "glyW-tRNA[c]": 6.077190700272026, "glyX-tRNA[c]": 6.077190700272026, "glyY-tRNA[c]": 6.077190700272026}	{"GGA": 1.9936386456209503, "GGC": 20.011847002047205, "GGG": 2.766588167131829, "GGU": 23.370241000361474}
"HISS-CPLX[c]__basal"	0.471200732807854	73.26666666666667	{"hisR-tRNA[c]": 3.1385699382638435}	{"CAC": 4.460702802835729, "CAU": 2.6751407845435757}
"HISS-CPLX[c]__with_aa"	0.431025180393337	146.53333333333333	{"hisR-tRNA[c]": 3.5497574787762365}	{"CAC": 7.466604905247039, "CAU": 4.2693249120555254}
"ILES-MONOMER[c]__basal"	1.67354308664948	152.00000000000003	{"ileT-tRNA[c]": 4.205552396355631, "ileU-tRNA[c]": 3.783683947540878, "ileV-tRNA[c]": 3.35853247577815, "ileX-tRNA[c]": 3.33390980366834, "RNA0-305[c]": 3.33390980366834}	{"AUA": 0.4415724866296585, "AUC": 12.885568970053145, "AUU": 7.69035741385139}
"ILES-MONOMER[c]__with_aa"	1.88751468724238	304.00000000000006	{"ileT-tRNA[c]": 6.077927776160476, "ileU-tRNA[c]": 5.048232759995525, "ileV-tRNA[c]": 4.090771180898695, "ileX-tRNA[c]": 4.738660886846435, "RNA0-305[c]": 4.738660886846435}	{"AUA": 0.662580866313373, "AUC": 21.683677054770975, "AUU": 12.219259039231527}
"LEUS-MONOMER[c]__basal"	1.38350860231546	152.00000000000003	{"leuP-tRNA[c]": 5.0181005759793775, "leuQ-tRNA[c]": 5.0181005759793775, "leuT-tRNA[c]": 3.1385699382638435, "leuU-tRNA[c]": 4.588024569794688, "leuV-tRNA[c]": 5.0181005759793775, "leuW-tRNA[c]": 2.101134686703828, "leuX-tRNA[c]": 8.685237208867152, "leuZ-tRNA[c]": 3.9757407899973995}	{"CUA": 0.5099026609562715, "CUC": 2.323216014374481, "CUG": 22.259917395065788, "CUU": 2.2434874930983595, "UUA": 1.9201156962496775, "UUG": 2.2584651976844876}
"LEUS-MONOMER[c]__with_aa"	1.28479831754208	1632.1101853239977	{"leuP-tRNA[c]": 5.460995257527645, "leuQ-tRNA[c]": 5.460995257527645, "leuT-tRNA[c]": 3.5497574787762365, "leuU-tRNA[c]": 5.601039676333186, "leuV-tRNA[c]": 5.460995257527645, "leuW-tRNA[c]": 2.4832086681887757, "leuX-tRNA[c]": 9.4102478678439, "leuZ-tRNA[c]": 3.6404178130556133}	{"CUA": 0.7621726048472534, "CUC": 3.6133067343418577, "CUG": 36.56822753748532, "CUU": 3.5402119374714442, "UUA": 2.958892231534693, "UUG": 3.490209990100951}
"LYSS-CPLX[c]__basal"	1.48683505047143	870.6666666666666	{"lysT-tRNA[c]": 1.9862288835247128, "lysV-tRNA[c]": 2.7101354435531406, "lysW-tRNA[c]": 1.9862288835247128, "RNA0-301[c]": 2.275134902946489, "RNA0-302[c]": 1.4067753332071724, "RNA0-303[c]": 1.4067753332071724}	{"AAA": 18.53490425347379, "AAG": 5.173955214403071}
"LYSS-CPLX[c]__with_aa"	1.516228551803	12491.415654266197	{"lysT-tRNA[c]": 2.4765749851927237, "lysV-tRNA[c]": 3.449515157947008, "lysW-tRNA[c]": 2.4765749851927237, "RNA0-301[c]": 2.8657510542944373, "RNA0-302[c]": 1.698959922877746, "RNA0-303[c]": 1.698959922877746}	{"AAA": 31.214724685334822, "AAG": 9.05434160674486}
"METG-CPLX[c]__basal"	0.905609813123952	81.16666666666667	{"metT-tRNA[c]": 2.101134686703828, "metU-tRNA[c]": 2.101134686703828, "RNA0-306[c]": 2.38675768317763, "metY-tRNA[c]": 2.38675768317763, "metZ-tRNA[c]": 2.38675768317763, "metW-tRNA[c]": 2.38675768317763}	{"start": 1.635425959196521, "AUG": 7.9482327842916725}
"METG-CPLX[c]__with_aa"	0.813547170475113	162.33333333333334	{"metT-tRNA[c]": 2.4832086681887757, "metU-tRNA[c]": 2.6040891138946107, "RNA0-306[c]": 3.262297882280653, "metY-tRNA[c]": 3.262297882280653, "metZ-tRNA[c]": 3.262297882280653, "metW-tRNA[c]": 3.262297882280653}	{"start": 2.7926086396229874, "AUG": 12.901583640093467}
"PHES-CPLX[c]__basal"	0.871288093764377	74.05	{"pheU-tRNA[c]": 2.376908614333706, "pheV-tRNA[c]": 2.376908614333706}	{"UUC": 7.852541750217543, "UUU": 4.558026420501371}
"PHES-CPLX[c]__with_aa"	0.687152931626774	148.1	{"pheU-tRNA[c]": 2.5760802301335026, "pheV-tRNA[c]": 2.5760802301335026}	{"UUC": 13.023371995837993, "UUU": 7.176052067669687}
"PROS-CPLX[c]__basal"	0.874866588762469	405.0	{"proK-tRNA[c]": 3.2387021381770724, "proL-tRNA[c]": 3.192739816905426, "proM-tRNA[c]": 3.1385699382638435}	{"CCA": 2.243101327602585, "CCC": 0.7761004150164375, "CCG": 9.009469871204033, "CCU": 1.807466135470466}
"PROS-CPLX[c]__with_aa"	0.924476569600804	809.999795236218	{"proK-tRNA[c]": 2.632097997655719, "proL-tRNA[c]": 3.69643558057783, "proM-tRNA[c]": 3.5497574787762365}	{"CCA": 3.5832594403843028, "CCC": 1.1630992841515637, "CCG": 14.85554706425113, "CCU": 2.9432271837470414}
"SERS-CPLX[c]__basal"	1.54835419823449	822.3333333333333	{"serT-tRNA[c]": 6.433083466556487, "serU-tRNA[c]": 1.270529880866221, "serV-tRNA[c]": 5.160912074216278, "serW-tRNA[c]": 1.6579265887272394, "serX-tRNA[c]": 1.6579265887272394}	{"AGC": 4.904909920799843, "AGU": 1.5191642856716743, "UCA": 1.2694695037082917, "UCC": 4.264251450578868, "UCG": 1.5298325384807332, "UCU": 5.338145370208219}
"SERS-CPLX[c]__with_aa"	1.41715813447986	1644.6666666666665	{"serT-tRNA[c]": 7.225554934477461, "serU-tRNA[c]": 1.5117426472113917, "serV-tRNA[c]": 6.175221793435904, "serW-tRNA[c]": 2.043911438672447, "serX-tRNA[c]": 2.043911438672447}	{"AGC": 7.8869043093597915, "AGU": 2.3674031244174403, "UCA": 1.9515354368369517, "UCC": 7.03014946189186, "UCG": 2.316315463548366, "UCU": 8.972990200755778}
"THRS-CPLX[c]__basal"	1.98305668473688	293.00000000000006	{"thrT-tRNA[c]": 4.588024569794688, "thrU-tRNA[c]": 4.2597222749972135, "thrV-tRNA[c]": 3.783683947540878, "thrW-tRNA[c]": 2.580456037108139}	{"ACA": 1.4054471669314872, "ACC": 9.986484522080843, "ACG": 2.859496450819496, "ACU": 6.4281000679626255}
"THRS-CPLX[c]__with_aa"	1.43580292521358	586.0000000000001	{"thrT-tRNA[c]": 5.601039676333186, "thrU-tRNA[c]": 6.497323956688648, "thrV-tRNA[c]": 5.048232759995525, "thrW-tRNA[c]": 3.08024013783345}	{"ACA": 2.2249340011367194, "ACC": 16.238522003371443, "ACG": 4.392718325781075, "ACU": 10.959870798501003}
"TRPS-CPLX[c]__basal"	0.847359514318279	21.7	{"trpT-tRNA[c]": 3.8509859179743593}	{"UGG": 3.628900169995139}
"TRPS-CPLX[c]__with_aa"	0.954598131407673	365.32544793310205	{"trpT-tRNA[c]": 5.040862001111023}	{"UGG": 5.730997828697368}
"TYRS-CPLX[c]__basal"	1.04677883983734	131.22500000000002	{"tyrT-tRNA[c]": 1.9648892343628768, "tyrU-tRNA[c]": 4.629062356644371, "tyrV-tRNA[c]": 1.9648892343628768}	{"UAC": 6.055809377774168, "UAU": 3.9469173684961576}
"TYRS-CPLX[c]__with_aa"	0.822481174264285	1852.917563453209	{"tyrT-tRNA[c]": 2.127938089955771, "tyrU-tRNA[c]": 5.2089153036776725, "tyrV-tRNA[c]": 2.127938089955771}	{"UAC": 9.894588076736277, "UAU": 6.150499890349064}
"VALS-MONOMER[c]__basal"	1.64699851691277	305.0	{"valT-tRNA[c]": 1.9862288835247128, "valU-tRNA[c]": 2.7101354435531406, "valV-tRNA[c]": 3.031871692454665, "valW-tRNA[c]": 3.031871692454665, "valX-tRNA[c]": 2.7101354435531406, "valY-tRNA[c]": 2.7101354435531406, "RNA0-300[c]": 2.275134902946489}	{"GUA": 6.1898157006204935, "GUC": 3.8465001169815487, "GUG": 6.9645347982106385, "GUU": 11.90734065618961}
"VALS-MONOMER[c]__with_aa"	1.85527748559666	610.0	{"valT-tRNA[c]": 2.4765749851927237, "valU-tRNA[c]": 3.449515157947008, "valV-tRNA[c]": 3.360328975444532, "valW-tRNA[c]": 3.360328975444532, "valX-tRNA[c]": 3.449515157947008, "valY-tRNA[c]": 3.449515157947008, "RNA0-300[c]": 2.8657510542944373}	{"GUA": 10.660528522345963, "GUC": 6.1439537986436035, "GUG": 11.037760023196682, "GUU": 20.52658135134421}
