gene	uniprot	copies_per_cell_median	n_estimates
napA	P33937	2.9788472137686126	18
mrdA	P0AD65	3.8907845880381373	12
ymgG	Q7DFV3	11.955510017930983	15
hlyE	B1XA69	3.3545649326984526	21
prlF	P15373	4.620425054324951	12
celF	P17411	6.867792202451664	21
yhfK	P45537	5.756015033153908	18
araF	P02924	8.206778214015987	21
intC	P37326	8.213599581749806	18
malS	P25718	8.570668919776201	18
xylF	P37387	7.566376901855566	9
rfaS	P27126	7.710551086838559	21
gabP	P25527	7.943221339100873	21
idnO	P0A9P9	9.413092261888512	21
malK	P68187	15.496480099872173	18
amiC	P63883	15.875326104538917	21
mltC	P0C066	5.647005939539904	21
mcrB	P15005	13.184312138125925	12
ansB	P00805	10.508058055794091	18
topB	P14294	12.088239894260697	21
bcsB	P37652	14.267120366655757	15
apbE	P0AB85	11.748673111538821	21
nfrA	P31600	9.848484905978001	21
lsrB	P76142	15.372357179827262	21
pspD	P0AFV8	15.226960138232307	18
rph	P0CG19	17.813279172331196	6
hslR	P0ACG8	13.480911412206101	21
dnaE	P10443	13.65388232112692	21
ybjT	P75822	14.685212262875886	18
xylR	P0ACI3	19.325522260935166	18
tbpA	P31550	21.102952600103908	21
murR	P77245	14.894164345702306	21
yddA	P31826	13.175188609692782	21
rfaJ	P27129	17.39025501680235	21
rfaP	P25741	16.619825584519546	12
smtA	P36566	11.584889984982901	18
entD	P19925	26.08743191363385	6
yfeA	P23842	15.430187880974124	15
frc	P69902	17.556713894686588	18
recJ	P21893	17.101079964478355	21
rmuA	P13458	18.225925585176363	18
glpD	P13035	18.543933935905343	21
eptB	P37661	18.74171274097472	21
ydaM	P77302	22.653473641630693	21
dnaQ	P03007	16.593585926122387	12
codB	P0AA82	31.48971298915211	18
recB	P08394	18.813313351092056	21
evgS	P30855	21.660075373723544	21
yjiY	P39396	17.94402187545934	21
priA	P17888	16.988071185718496	18
rsmF	P76273	18.421463534879923	21
radC	P24230	14.326370623007588	21
flrD	Q46877	17.2340495313464	18
gfcE	P0A932	16.949522340278357	18
rutR	P0ACU2	35.69941267563519	21
kdtA	P0AC75	27.02246930093414	21
yjhG	P39358	11.198598207753925	21
ybhO	P0AA84	18.105469550406966	12
yieH	P31467	21.686006548870296	21
rnfC	P77611	22.797280383646083	21
nth	P0AB83	35.28154721195539	15
agaV	P42904	25.008618155694055	21
rfaZ	P27241	23.982185231733794	21
csgD	P52106	18.002648589435452	18
yliE	P75800	20.8667802133956	21
intF	P71298	34.29320949059145	12
yfdX	P76520	30.233694852959687	15
wbbL	P36667	27.090946996927393	18
yliI	P75804	36.313680147041325	18
phr	P00914	23.915135008203496	15
phoA	P00634	21.67759999800674	18
yraQ	P45468	48.38646618501076	18
rhlE	P25888	47.5735955019758	21
ybhR	P0AFP9	29.819233565161326	18
frdB	P0AC47	39.40383138345086	21
elaC	P0A8V0	28.10134491891653	21
yeaP	P76245	29.6578934397852	21
baeS	P30847	24.223010004595764	18
genR	P36771	26.94981921510496	21
rumA	P55135	36.246804068675615	21
cim	P19934	22.35578571683157	21
insE1	P0CF66	33.986633252183225	18
menF	P38051	27.879655771464638	21
exo	P38506	27.948414149329714	18
ydbH	P52645	28.838648749328225	21
rfa-2	P24173	30.30849391980681	21
potH	P31135	34.91548173770084	21
ravA	P31473	40.9224012438025	21
hsdR	P08956	34.38974876083717	21
dctA	P0A830	65.48453551506866	21
mlaB	P64602	38.97997378097814	18
yceA	P24188	112.8667542439814	18
yejF	P33916	21.060194688036564	21
miaB	P0AEI1	164.6016592804994	18
maoA	P46883	34.85536924936032	21
murQ	B1XA99	45.95229369960583	21
sstT	P0AGE4	39.140055366651545	18
ampH	P0AD70	45.691403401236045	18
yegV	P76419	36.878602703713625	21
mel-7	P06720	39.30512662020654	21
yajI	P46122	41.11794845678338	21
yfhK	P52101	27.201940555293007	15
ugpC	P10907	40.311920727130186	15
ybbP	P77504	13.768693534728635	18
amiB	P26365	40.41066697863011	21
queD	P65870	28.867806540426884	18
rbsA	P04983	46.588631560230844	21
ybiO	P75783	32.624652485014224	21
yejA	P33913	39.28116323648455	18
ebgR	P06846	41.602980856898476	21
recD	P04993	38.774819746894494	21
farR	P13669	42.48808154193205	18
xylA	P00944	40.339980096754765	21
hydG	P14375	36.34660432780189	21
rlmA	P36999	51.571778947527335	21
rnd	P09155	36.583820563081034	9
rfaI	P27128	61.727618296148584	21
rffT	P56258	45.63347917430079	21
rlmG	P42596	62.05266703563252	21
hslV	P0A7B8	42.81314133360168	21
dnaG	P0ABS5	47.603760449672095	18
yegR	P76406	55.35998372002045	21
trxC	P0AGG4	55.44493030264749	15
btuR	P0A9H5	48.45955222569083	18
yheT	P45524	48.85002758288725	21
yedY	P76342	53.815012087421294	21
antO	P0A9G2	48.58027896015227	18
ycjW	P77615	48.21011937195483	21
treR	P36673	49.58894708842567	18
rfaB	P27127	53.29935264643777	21
mmuP	Q47689	65.26871429623793	18
nanA	P0A6L4	50.90993158823329	21
ybjS	P75821	39.371849775406304	18
ybbO	P0AFP4	58.59731400000986	18
tdcE	P42632	41.81736530890874	21
yehT	P0AFT5	45.648645518951916	18
ytfJ	P39187	100.12282733230823	18
fdhE	P13024	55.10755635487977	18
alsR	P0ACS7	56.999013862122894	18
menA	P32166	73.21629904329593	21
gntU	P0AC96	54.305490980326866	9
gcvA	P0A9F6	46.85434734075636	21
ycdB	P31545	42.53932987542882	21
yeaJ	P76237	44.232245691688895	21
yigZ	P27862	55.97916351867362	21
glpQ	P09394	51.24077359287624	21
ypfH	P76561	61.36625079495803	18
fadD	P69451	63.150546436347554	21
hipB	P23873	58.663197472589324	9
yaiW	P77562	59.21167811246669	21
fadI	P76503	58.66817482875035	18
lip	P60716	84.19399803583062	18
puuR	P0A9U6	92.97004939966997	15
yceG	P28306	75.2282850342217	21
tdk	P23331	57.980843076060495	15
ynbE	P64448	70.20676792039166	21
ftsI	P0AD68	74.71281035133592	18
yhdP	P46474	46.34241217509967	21
yrfF	P45800	59.339054980866564	21
sapD	P0AAH4	61.80948889537336	21
yfiC	P31825	73.1330876553683	21
pyrE	P0A7E3	64.39595458361451	21
rhtC	P0AG38	44.348178644858194	18
mlc	P50456	61.71073418374819	18
yifL	P0ADN6	88.82315342030635	15
yegW	P0ACM5	59.590155132767286	21
rpmJ2	Q2EEQ2	60.82865609531731	15
ydcS	P76108	93.68917359923529	21
lptC	P0ADV9	74.4477100779352	21
ynfC	P67553	60.24453205680281	18
ind	P0A853	74.71167666881067	21
phoQ	P23837	62.87414238123714	21
barA	P0AEC5	63.44772865579233	21
rfaQ	P25742	66.44400188200589	21
cueR	P0A9G4	71.10891865551898	18
yagE	P75682	77.9134900817225	21
mobB	P32125	66.60565246152963	21
kdpD	P21865	64.6191823524112	21
ycjY	P76049	62.89066031209644	21
ulaR	P0A9W0	53.11053341895113	21
cra	P0ACP1	67.37869077216753	18
asuC	P07649	53.709457747104146	21
ygeR	Q46798	65.55799343337982	21
rep	P09980	50.63840623004847	21
hrpA	P43329	83.99400018370564	21
yfdI	P76507	88.63456377206097	21
rfaK	P27242	86.6810110643292	21
yjdI	P0AF59	118.61544334815548	15
yeeR	P76361	101.50616482156812	15
yebR	P76270	91.89998758152528	15
ampA	P00811	85.88320992912632	21
hexR	P46118	91.24603842184611	21
yhbP	P67762	52.98905611441981	18
macB	P75831	66.26217729660198	21
hemN	P32131	80.21937001825515	21
apk	P08660	85.20181765340547	18
yjiN	P39385	31.742970739419878	18
genX	P0A8N7	35.45740651542782	15
flaF	P04949	62.18653184194174	21
ypeB	P0AD40	82.14259615959871	12
ynaI	P0AEB5	71.37756941340086	18
cutF	P40710	84.0757152814698	21
yhjK	P37649	76.74611428839269	21
mdoB	P39401	81.7457060366044	21
dcrA	P0AAD6	92.46244589660017	21
relB	P0C079	63.333964182916546	21
ytfQ	P39325	103.08320365841232	21
mrcA	P02918	103.29000766989054	21
mlt	P0A935	84.33374179328237	21
ybiH	P0ACU0	110.66303881772082	15
ybhL	P0AAC4	154.79101739428853	18
mhpE	P77580	74.88871357778797	18
pbpG	P0AFI5	91.00599689752823	18
ynaE	P76073	105.54334728656977	21
mviM	P75931	68.75279011343598	21
yciM	P0AB58	81.93801926178077	21
amiD	P75820	164.60551954415934	18
ybdG	P0AAT4	81.63307405720742	21
ygiT	Q46864	28.03394865586163	21
pabC	P28305	83.58765364983799	15
yoaF	P64493	90.36115133892092	18
sfs1	P0A823	93.3504360641102	21
ftsL	P0AEN4	80.65130328877049	18
dcm	P0AED9	70.82096480906453	21
tau	P16525	91.65637458902528	21
ybjX	P75829	116.4086427858125	21
yjbB	P0AF43	92.18588562651479	18
aceC	P0ACL9	98.57160254950857	21
ycgB	P29013	100.79644602308561	21
rihA	P41409	120.08580773792292	18
aarF	P0A6A0	98.98301401774725	21
yjhC	P39353	113.09027143418604	21
yncD	P76115	100.12586835688262	21
yhdE	P25536	99.20121456713295	18
yeaY	P0AA91	103.1549466096862	21
JW5917/JW5920	P14376	86.50965677671863	21
ygjM	P67701	95.34922535705877	12
ybjL	P60869	78.03988555785529	21
yhiG	P37624	97.45074373664482	21
yjjV	P39408	81.0121044354908	12
cstA	P15078	130.93120256656397	21
spoT	P0AG24	98.09985847725198	21
cspG	P0A978	326.1411968387033	15
plsX	P27247	98.31896967281811	21
aefA	P77338	98.9907778283673	21
yagH	P77713	69.63533612457132	21
yddH	P76121	85.50534806342867	21
ybhP	P0AAW1	75.63218458483125	18
yfdC	P37327	97.07888548790231	21
yhiN	P37631	114.68797685291099	21
rnfE	P77179	101.2223182239718	21
yeaH	P76235	100.82859907966821	21
ymdF	P56614	83.83069888983584	18
yafN	Q47156	111.73915198265851	18
galB	P09148	106.19098365468848	21
aas	P31119	102.6425455978569	21
yhiR	P37634	113.25209659037439	21
phoT	P07654	103.96965481454596	21
yafK	P0AA99	104.21917214092731	21
hypB	P0AAN3	104.83625030863331	21
ybaA	P0AAQ6	88.46237183630883	18
yfhA	P0AFU4	76.73910915703247	21
msbA	P60752	112.67506369049855	21
ybaL	P39830	125.747136782015	21
hemH	P23871	114.39240150349897	21
mazG	P0AEY3	110.21194267870935	21
nudJ	P0AEI6	101.67901092245113	21
rbsD	P04982	125.40102688379007	15
ydcW	P77674	113.60814632580657	21
idnD	P39346	79.50384667883583	21
ydeJ	P31131	86.55983896645671	21
yedX	P76341	108.5459864590332	21
glpK	P0A6F3	106.91454147108631	21
mraY	P0A6W3	117.53628572364593	21
marC	P0ACS2	90.79669439153851	21
ynjE	P78067	135.38569580219914	21
appA	P07102	109.38382925355904	21
feoA	P0AEL3	112.57743599666053	9
fadE	Q47146	151.39023360641957	21
yeiU	P76445	174.53174015183447	18
deoR	P0ACK5	99.27056195424204	21
gpp	P25552	136.0007371410512	21
ydbK	P52647	149.0567123806575	21
ftsQ	P06136	84.33484862249668	21
trmD	P0A873	111.33028360114008	21
visC	P25535	80.39331887517929	21
alsB	P39265	137.23562187673173	21
ybiU	P75791	131.4902019846329	21
xseA	P04994	150.89242955762788	21
frdA	P00363	156.21224528720902	21
rluF	B1XC21	85.38750961486794	21
iscA	P0AAC8	441.0504105334598	15
hsdS	P05719	121.70717053182567	21
yeeF	P0AA47	87.72043122722167	21
mreC	P16926	131.4464978924854	21
ispU	B1XD43	129.52290239865772	21
yhjU	P37659	117.07105634721184	21
kch	P31069	115.54067803686902	21
csdA	Q46925	132.22245226141243	21
ptsP	P37177	91.79261811799346	21
argR	P0A6D0	126.1444962535412	18
yghZ	Q46851	114.92124543570174	21
bioB	P12996	217.50080956217883	18
uvrC	P0A8G0	137.93404891111587	21
pqi5B	P43671	124.92890660105283	21
ldc	P52095	116.05611931657705	21
pspF	P37344	97.85774326881761	21
chiA	P13656	125.07910410804624	21
rnhB	P10442	187.7016868531954	18
gatD	P0A9S3	166.7699428307855	21
appR	P13445	177.3072569608455	18
gntK	P46859	117.73394659858306	21
chpA	P0AE70	126.44041628497216	21
aspA	P0AC38	159.74339266465864	21
gltJ	P0AER3	147.23734304216345	15
yebG	P0ACY9	130.04300091017816	21
yobH	Q2MB16	172.09303434642035	21
pcsA	P25740	110.10462474526405	21
citB	P0AEF4	111.79168779035308	18
dnaC	P0AEF0	71.29997711468077	21
spy	P77754	131.05235570677695	21
pgpB	P0A924	115.50723918657499	18
hnr	P0AEV1	110.35296821728205	21
fimH	P08191	117.5792654550662	21
eutC	P19636	98.60848071080447	21
ybhK	P75767	137.29759590734446	21
fadB	P21177	133.32843448526572	21
qor2	P39315	152.42903197389768	21
modE	P0A9G8	80.26338221571218	21
zntA	B1X7S7	180.56520893966385	21
rlmM	P0ADR6	135.960731851416	21
hflX	P25519	109.3157051582985	21
narZ	P19319	110.474041651394	21
nadA	P11458	151.9173343880549	21
yibP	P37690	102.01687329160326	21
yeiR	P33030	134.75748666871527	21
narP	P31802	156.30636566241796	21
yciH	P08245	96.3977521130465	21
oppF	P77737	216.84125155383836	21
ftsJ	B1XGY9	139.99016885621702	21
djlA	P31680	116.46137101332769	21
bioR	P06709	179.5596772849258	21
cyr	P0AGK1	137.6139685949318	18
yfjG	P0AGL5	152.52774032367284	21
ybhF	P0A9U1	157.38760735518508	21
xylB	P09099	125.0916754290908	21
yecJ	P0AD10	107.81076917604183	21
bisC	P20099	127.29755617555493	21
ttcA	P76055	159.74934220272146	21
truD	Q57261	195.24401878160356	21
smpB	P0A832	164.0536970946938	12
ade	P31441	134.45211542709143	18
sufE	P76194	137.24625869528978	21
uxuR	P39161	148.84774577909963	21
malY	P23256	139.7381178157447	21
ampD	P13016	166.4281441751898	18
mlaE	P64606	178.75536581259476	21
ycbX	P75863	148.33246673861703	21
bisA	P30745	158.820201225267	21
pcnB	P0ABF1	212.92208310651503	21
yjjA	P18390	195.14476624646284	18
blc	P0A901	156.40960182526672	21
parC	P0AFI2	263.78027191493675	21
fsa	P78055	128.26172197670286	21
ppx	P0AFL6	180.25267552048575	21
mttA2	P69425	193.39056037020015	21
dedD	P09549	150.21270004760433	21
rfaY	P27240	229.91088693830716	21
aidB	P33224	179.427180876614	21
mrr	P24202	134.34198197019487	18
ppk	P0A7B1	181.08981542306518	21
lamB	P02943	305.9808759786803	21
cvrA	P76007	140.36090656982265	21
aphA	P0AE22	162.23051476947919	21
dnaT	P0A8J2	140.7384407457276	21
nemA	P77258	211.0481151457297	21
ascG	P24242	170.12415598721503	21
ddpA	P76128	235.6236203131872	21
pqqL	P31828	152.56568140265912	21
qseB	P52076	167.8883850599461	21
ynjB	P76223	161.68402766533944	21
ybjI	P75809	159.33434353324105	21
rffM	P27836	167.7323226535375	21
ybdF	P0AAT2	123.86375025754471	15
ytfN	P39321	153.53136638674042	21
ptrB	P24555	157.68104295215605	21
feoB	P33650	194.57780049093375	21
ybdR	P77316	165.27934295401113	18
yhjD	P37642	160.5146322101789	21
yebE	P33218	152.88492409496718	21
yfgC	P66948	164.25833551974569	18
yfcG	P77526	153.44515226771756	21
ftsK	P46889	128.10067607392975	21
yrdB	P45795	159.32897059490227	15
mltB	P41052	156.37791919623874	21
mgtA	B1XEM3	218.70187085806762	21
yqjC	P42616	175.2529821211267	18
malA	P15977	187.80860598229393	21
yedQ	P76330	156.1862954944983	21
alnB	P29012	123.27901903729276	21
mdtF	P37637	185.56875906190353	21
tesC	P77712	229.77089554857858	18
pabB	P05041	195.18745631224496	15
malM	P03841	257.44946429477795	18
yhjF	P37645	179.40756466648946	21
truB	P60340	205.57290066019618	21
rlmL	P75864	253.94977017427502	21
edd	P0ADF6	161.11469938579629	21
artQ	P0AE34	220.63610207129142	21
ogt	P0AFH0	142.92930556138407	21
ylaB	P77473	191.65303995333696	12
cydD	P29018	204.42539222883107	18
yhcM	P64612	151.77169249097682	21
pdxY	P77150	224.41979931102685	18
mrcB	P02919	177.75197890489747	21
mdtA	P76397	186.1845575251844	21
dnaX	P06710	143.17739464162756	21
cpxA	P0AE82	186.41195922476663	21
yiaD	P37665	267.7674800641707	21
argM	P77581	194.2403375819698	21
fimD	P30130	153.15171284417286	21
uhpA	P0AGA6	160.72217661945567	21
parF	P26647	199.54327996928512	21
yhbO	P45470	210.36620003714526	21
ribF	P0AG40	238.6536917679027	21
tatE	B1X622	162.41659913406926	18
rlmH	P0A8I8	162.35559223668469	21
emtA	P0C960	194.48049633897728	21
yojI	P33941	195.86760001902655	21
yjeP	P39285	195.96938312979273	21
radA	P24554	156.34513348986513	21
yddB	P31827	173.07204640357966	21
greB	P30128	160.2072272758047	21
ugpQ	P10908	188.83179939353667	21
ubiF	P75728	120.36606854349546	15
rob	B1XFK6	225.88022225695067	18
dicA	P06966	193.41314653424584	21
yebT	P76272	193.66058053723035	21
fepC	P23878	163.276626220186	21
gsiA	P75796	146.95546219310688	21
kefG	P0A756	174.15116265281353	21
ycaK	P43340	214.1163164762873	21
garK	P23524	200.60099415671007	15
frlR	P45544	165.58240548008013	21
ispA	P22939	201.20686749764144	21
yfiH	P33644	203.80235286433356	21
slmA	P0C093	226.82089865771627	18
yiiQ	P32160	195.4093645528924	21
fadL	P10384	266.43328509247686	21
dinE	P0A698	196.29094316339706	21
dinJ	Q47150	223.06452011054017	18
rnpA	P0A7Y8	187.92100811792625	21
lplA	P32099	207.45872771463243	9
hydN	P0AAK4	118.99380338301599	15
hsc	P0A6Z1	138.77368396408158	21
patA	P42588	181.69361024787258	21
yggU	P52060	224.46595859233668	21
nlpD	P0ADA3	211.22700687527188	21
potB	P0AFK4	219.16196138255802	21
ygiB	P0ADT2	355.48089755392766	18
psiF	P0AFM4	158.18895225629888	21
yafJ	Q47147	222.39102264514608	21
yaeR	P52096	189.6795805265034	21
ydhS	P77148	211.48221878444423	21
yafC	P30864	210.11094690827346	18
celA	P69795	180.46076671441185	21
ycaO	P75838	254.46359738105727	21
ygaP	P55734	185.83469856078503	21
uspC	P46888	210.35950746108173	21
mqo	P33940	223.56270766325318	21
rlmN	P36979	233.085677658124	21
dusA	P32695	233.88926796134731	21
yjcC	P32701	265.4482099037707	21
tatA	B1XAK0	225.54168520451037	21
ycbB	P22525	162.06414100766813	21
rffG	P27830	229.3344967456436	21
yfdH	P77293	258.22867669795187	21
mutL	P23367	151.33692680914137	21
cueO	P36649	343.31893882114275	21
poaA	P09546	156.71926865388434	21
ycbG	P0A8N0	237.02893541394982	21
racR	P76062	118.26499578894654	21
bioB	P13001	196.09671934119498	21
holC	P28905	271.650784363889	15
hdfR	P0A8R9	147.229129474594	21
rimO	P0AEI4	234.0705683716298	21
ycfH	P0AFQ7	249.38057764831805	21
uxaB	P0A6L7	162.64830437131894	21
mutU	P03018	154.88144300298953	21
ydiJ	P77748	340.7230243115358	21
gidB	P0A6U5	276.1409323709197	21
rluC	P0AA39	374.6920522442071	21
hlyT	P0AFW0	243.91643762527275	21
lepB	P00803	245.77561771786125	21
exuR	P0ACL2	257.93970551673357	21
htpX	P23894	156.71210960756994	21
nuoI	P0AFD6	294.2942810340135	21
gatC	P69831	359.4687708279147	21
ydhF	P76187	294.8696532291545	21
rof	P0AFW8	170.17139881477317	21
dnaA	P03004	251.12619683005428	21
gltL	P0AAG3	230.67555728620698	21
ispD	Q46893	254.36763209892865	21
cobT	P36562	178.7548582829984	21
yfdZ	P77434	161.31571159394755	21
aldB	P37685	237.51776855777058	21
sapF	P0AAH8	202.98381184533207	21
purN	P08179	363.047044707515	21
sapA	Q47622	234.72479488277955	21
ypjD	P64432	254.39300276117962	21
nagK	P75959	216.34157633909462	18
rcnR	P64530	226.69290396877983	21
queA	P0A7F9	191.2656948118205	21
emrA	P27303	317.0313507122802	21
hha	P0ACE3	356.5231791130658	12
ypfJ	P64429	345.5819730183991	21
ftsN	P29131	229.17391619350627	21
ompW	P0A915	335.1302238910962	18
tolR	P0ABV6	306.42741466593884	21
mglB	P0AEE5	530.9578320021673	21
cpeA	P04995	260.04066735463215	21
relE	P0C077	299.2586305991927	21
ispH	B1XBF4	330.5318101788584	21
mliC	P28224	301.0920011955559	18
rffD	P27829	275.790940507722	21
fadA	P21151	228.57233477767483	21
yfhM	P76578	258.69048459731914	21
yohE	P33368	236.83072303802126	21
yqjI	P64588	319.3330915182127	21
alr	P0A6B4	227.72974328297445	21
yecL	P52007	281.7890714396621	15
yheS	P63389	293.68716305810204	21
yraR	P45469	228.80924738858624	21
dcuR	P0AD01	201.67348671601022	21
exrA	P0A7C2	293.410382022372	21
glxB5	P77364	286.0083491343925	15
ruvA	P0A809	269.1906128034452	18
rsxG	B1XFU3	257.1958675931256	21
kefF	P0A754	245.48742751548403	15
coaA	P0A6I3	251.2218974779672	21
gsk	P0AEW6	288.74147628458024	21
ypdB	P0AE39	208.13045128271898	21
glnE	P30870	249.02861716082765	21
mlaD	P64604	319.33412168042366	21
mppA	P77348	344.3876611055102	21
dsdA	P00926	322.35520991489204	21
ydcQ	P67697	334.7514460228428	21
hsdM	P08957	300.47312456821345	21
helD	P15038	203.7779250100686	21
glnD	P27249	281.5275960670395	21
yicH	P31433	355.90032209280815	21
galP	P0AEP1	324.72162834849456	21
malE	P0AEX9	440.4797426838669	21
ykgC	P77212	285.1803489761298	21
yrbL	P64610	290.0923689243727	12
msbB	P24205	320.1638420613066	21
supX	P06612	467.4273771850389	21
yggG	P25894	453.3295737027453	21
kicB	P60293	265.7627297440897	21
fpr	P28861	291.1583375322953	21
yggJ	B1XFA6	244.64824443979103	21
speB	P60651	372.9592551529556	21
lolE	P75958	267.122953727095	21
yfbQ	P0A959	274.0143563492232	21
dksA	P0ABS1	328.8233807445237	21
lolC	P0ADC3	272.7739291693085	21
cysG	P0AEA8	215.66557022766892	21
mdoD	B1XDD6	372.9645157175478	21
lpxB	P10441	309.3171095699668	21
oppB	P0AFH2	511.65152260317785	21
dasF	P0A7Y4	307.27336629880256	18
cya	P00936	256.0972554445064	21
ybdH	P45579	419.86749317193784	15
nudG	P77788	310.8478589627931	18
astB	P76216	244.64146808251812	6
yihT	P32141	315.79144745407234	21
phnB	P16681	323.4638127390103	21
yefI	P37751	344.4759889830698	21
dcuA	P0ABN5	400.9302572476878	21
yegU	P76418	339.7890730073627	21
lptF	P0AF98	327.896772061492	18
fmu/fmv	P36929	403.8164869306987	21
serB	P0AGB0	361.27728401288783	21
ydjF	P77721	331.0919529692333	21
nanM	P39371	368.67092621228403	21
proV	P14175	336.2630547811556	21
yneI	P76149	328.3615525744373	21
pss	P23830	484.6346532794267	21
ydhZ	P0ACX5	330.3679056732599	21
dsbG	P77202	366.0507186554588	21
ghrA	P75913	304.8217186601779	21
potG	P31134	341.23546361436905	21
coaE	P0A6I9	324.8771351062901	12
potC	P0AFK6	388.94540220804544	21
fhuC	P07821	304.89418001389623	18
apaH	P05637	345.567058220261	21
hepA	P60240	339.239237198699	21
mraZ	P22186	280.4193792995284	21
ptr	P05458	350.95796359187375	21
yftM	P0ADE4	294.66807725865374	21
rfaF	P37692	323.3980239077021	21
lsrF	P76143	283.63035428674846	21
nrdR	P0A8D0	312.8959731130605	21
appY	P05052	356.7030399493319	21
ybdL	P77806	386.1335398094122	21
fdv	P23909	301.6918787519113	21
pgsA	P0ABF8	554.2320677506253	15
cyoC	P0ABJ3	405.52591049485113	21
qmcA	P0AA53	360.1548251331501	21
nrdD	P28903	165.44692789013024	21
ybaQ	P0A9T6	360.55201191711535	15
ydiI	P77781	377.9702454310667	18
garR	P0ABQ2	348.6507898760402	21
rspB	P38105	195.47067356063792	21
gatZ	P0C8J8	864.3100528722057	21
uxaA	P42604	296.1032648879692	21
macA	P75830	307.810713734361	21
kicA	P22524	341.6534006724649	18
sdhB	P07014	433.33666030382943	21
rimJ	P0A948	210.84755355211885	21
chlB	P32173	270.40570135629275	21
dnaB	P0ACB0	296.07910298385224	21
miaA	P16384	435.63762513303357	21
csgG	P0AEA2	374.80033928886394	21
ybgK	P75745	375.1108391889877	21
fruA	P20966	417.2530644879193	21
psd	P0A8K1	438.4281315382936	21
sppA	P08395	404.3593428054387	21
rpoE	P0AGB6	353.9981794993032	21
rarA	P0AAZ4	308.91968211012653	21
yjeF	P31806	295.2929644548714	21
cspB	P36995	414.1457580229932	21
rimL	P13857	315.24316177623245	21
lacI	P03023	332.6539860209138	21
ordL	P37906	560.9402780361548	21
yefG	P37749	493.66468129706226	21
yfcD	P65556	591.4364506998029	15
rdoA	P0C0K3	334.69188709681424	21
relA	P0AG20	316.5759489006183	21
uvrY	P0AED5	411.10366904247024	21
ydeN	P77318	476.4598808103115	21
yedI	P46125	348.2141523774759	21
aroM	P0AE28	417.286273285257	21
pmrD	P37590	327.15124971557964	21
fpk	P0AEW9	393.8600403559771	21
yjbQ	P0AF48	263.6872968969237	21
gltP	P21345	350.14209834969745	15
gcp	P05852	384.90456869633726	21
ybbL	P77279	396.8875179211658	21
ybjD	P75828	322.53910350490526	15
lctD	P33232	309.2114149689296	18
yacL	P0A8E5	457.0217241103645	21
murG	P17443	426.0476091173113	21
yncA	P76112	383.2121127756589	21
yfcN	P0A8B2	343.0336985239765	21
rpsR	P0A7T7	546.1106783647331	21
gusR	P0ACT6	434.6825047796788	21
yojN	P39838	403.1312186966151	21
basR	P30843	381.1326623031267	21
dxr	P45568	405.24662962955745	21
yciA	P0A8Z0	499.3875310863227	21
gidA	P0A6U3	425.7187064684031	21
pepE	B1XC20	468.26481983277864	21
ybfF	P75736	376.10039316187215	21
cutE	P23930	417.3045593017621	21
yjgB	P27250	418.8955125452233	21
yggN	P0ADS9	419.09490806567743	21
lasT	P37005	441.3987716986935	21
ygdH	P0ADR8	419.9429842850758	21
htrL	P25666	388.2942449053396	21
nfi	P68739	257.4944381016184	21
bioF	P12998	420.75051923391277	12
hslJ	P52644	450.82746590178635	21
cru	P0AFF2	476.9658665286965	21
nadB	P10902	609.6345036296121	21
fecR	P23485	250.37665652571798	18
ydfZ	P64463	200.66175866098706	21
modF	P31060	379.39794489449156	21
yffB	P24178	286.31564743919756	21
nadD	P0A752	387.3597858643065	21
speC	P21169	472.4961302167777	21
fldB	P0ABY4	262.3125056892763	21
eutB	P0AEJ6	340.99960053212783	21
potA	P69874	350.8791728279159	21
nudK	P37128	440.19188462545907	21
yqgF	P0A8I1	397.2989679638089	21
cpdB	P08331	440.97942669579203	21
dedC	P08192	393.70925769002355	21
ung	P12295	365.67075195565457	21
glnG	P0AFB8	525.2093810243904	21
cls	P0A6H8	423.3639428695753	21
cspD	P0A968	569.1671641286323	21
nfrC	P27828	437.7615361986549	21
tyrR	P07604	396.5020933842934	21
ansA	P0A962	450.1779645722744	21
ppnK	P0A7B3	442.7878536792352	21
dapE	P0AED7	377.43462361019715	21
nadI	P27278	388.9215916371489	21
arcB	P0AEC3	393.6971688610688	21
glgP	P0AC86	578.3053260592758	21
ydgJ	P77376	438.4399205715654	21
kbl	P0AB77	386.228180034006	21
htrP	P0A7J0	579.7937409024838	21
yhcH	P45424	362.0671111385949	21
era	P06616	509.00585661456785	21
hisP	P07109	476.94752506230515	21
pdxA	P19624	438.85179934846207	21
yafV	Q47679	360.02770169964595	18
dppE	P37313	544.9194385425088	21
ygcF	P64554	547.2344154868318	21
ygjR	P42599	468.8151237102298	21
treF	P62601	410.8611585074461	21
secF	P0AG93	508.3611701412107	21
dga	P22634	396.16931126765394	21
yaiL	P51024	593.1833501048146	21
sufI	P26648	556.8315676644345	15
rffA	P27833	454.40609492973334	21
avtA	P09053	601.10406796243	21
exbA	P02929	478.44040621054904	21
ymfK	P75974	434.0716973729168	21
sbmC	B1X6U5	546.0182387918269	21
fdhA	P0A821	437.13761235415444	21
ygiM	P0ADT8	496.962226552907	21
nmpA	P0A9K7	452.6351904183984	21
nagZ	P75949	542.9194336968766	21
fumC	P05042	543.749182483858	21
iadA	P39377	484.7870380384269	21
cca	P06961	337.1712250070289	21
pth	P0A7D1	506.78747337025396	15
mak	P23917	461.64879867474696	21
spoU	P0AGJ2	411.71894138365735	21
yaeP	P0A8K5	501.8515706101675	21
mdtE	P37636	517.1400552410416	21
yceB	P0AB26	589.7696891565291	21
cptA	P0CB39	632.8130262382772	21
ycgJ	P76001	260.46169924878683	21
ydhQ	P77552	601.0279091771456	21
galA	P0A6T3	584.662655390305	21
rpmE	P0A7M9	890.3904671753506	21
fsrB	P24232	522.237557481552	21
nfxD	P20083	519.3343560535163	21
dnaL	P15042	456.0192381360314	21
eco	P23827	527.2906628952585	21
ydeI	P31130	340.76121149188447	21
cysE	P0A9D4	532.655075190103	21
msrB	P0A746	540.7542744636455	21
thiI	P77718	658.8647541229568	21
asmA	P28249	487.6660117475208	21
plsB	P0A7A7	723.1183409991991	21
cutA2	P36655	550.2083130615571	21
iaaA	P37595	428.7090880121506	21
yhhK	P37613	591.244943028917	21
elaA	P0AEH3	539.8735778280684	21
yjcD	P0AF52	624.534344498648	21
glpX	P0A9C9	556.6991165478113	21
ruvB	P0A812	506.04392961642634	21
slt	P0AGC3	431.9538688316132	21
glnK	P0AC55	816.3631634600196	21
yjgR	P39342	570.1582438994063	21
fecA	P13036	340.3781161540064	21
yihI	P0A8H6	573.360730393085	21
ecfE	P0AEH1	549.0784897254603	21
osmB	P0ADA7	574.0010745832773	21
engC	P39286	531.5199463975806	21
glgA	P0A6U8	597.3727478924095	18
ftsS	P0AC30	589.9686722271491	21
ribD	P25539	476.1938773492165	21
rimM	P0A7X6	855.5337434392612	21
yhhW	P46852	563.806456931684	21
trmA	P23003	530.0018130082206	21
dkgB	P30863	461.041516248078	21
phoT	P0AAH0	505.11594569759797	21
dosC	P0AA89	223.9722155176599	12
nagE	P09323	649.571080943021	21
yebM	P0A9X1	290.65126598511256	21
fumA	P0AC33	755.6741456122293	21
usg	P08390	514.1087100162692	21
gsiC	P75798	612.7907483594262	21
epd	B1XEL0	494.069684644298	18
nuoE	B1X8Z7	740.6083741166294	21
ftsE	P0A9R7	422.3792250065397	18
yedP	P76329	488.4806205118085	21
yhaJ	P67660	534.6510164711707	21
ybbA	P0A9T8	500.0073972123141	21
hemY	P0ACB7	677.8941010303861	21
murB	P08373	603.0344889517952	21
dppD	P0AAG0	726.8306969415113	21
metL	P00562	641.8926583851227	21
ispF	P62617	696.1553205557946	21
cutC	P67826	651.7039782452699	21
cgtA	P42641	543.8894218355377	21
syd	P0A8U0	626.3281783228622	21
uup	P43672	663.5580318985315	21
brnQ	P0AD99	716.7307386169391	18
yigL	P27848	663.6393555680963	21
wzz	P0AG00	948.2398919274349	18
mukB	P22523	537.7225802043312	21
osmA	P13482	676.2375307695714	21
ggt	P18956	775.4528649461923	21
minC	P18196	535.255367754706	21
argA	P0A6C5	878.9991198080419	21
yddE	P37757	498.78983695641836	21
flgM	P0AEM4	617.233142801886	21
rsmI	P67087	625.2354924329817	21
rfbD	P37760	687.4921547845357	21
ugpB	P0AG80	823.1536406991806	21
pldA	P0A921	692.4895916657019	21
csdA	P0A9P6	750.9771344939779	21
trkA	P0AGI8	612.4981244812186	21
uxuB	P39160	594.2349111330954	21
ilvA	P04968	706.4261788591904	21
hslT	P0C054	830.7943825543664	21
glpR	P0ACL0	684.2394907027297	21
fklB	P0A9L3	605.9393520298152	12
mnmE	P25522	599.2371426935484	21
yhjJ	P37648	726.0816500141585	21
surE	P0A840	635.048377665724	21
yhhX	P46853	691.2686418631007	21
yqgE	P0A8W5	704.2727725216688	21
sufD	P77689	490.6292926125638	21
yeaK	P64483	520.2220353393783	21
yahJ	P77554	596.9325945829878	21
glc	P37330	740.3813106295987	21
yegQ	P76403	722.1843854587345	21
malP	P00490	938.477244227102	21
prmA	P0A8T1	660.5541788050945	21
gloB	P0AC84	755.1172012229255	21
yebF	P33219	740.881472082375	21
yieF	P0AGE6	747.0558019264743	21
lptG	P0ADC6	751.0961019156525	21
copA	B1XFS1	708.4009731195132	21
sbp	P0AG78	986.4576510096285	21
nagC	P0AF20	508.767164541616	21
asmB	P0A725	476.8736433895866	21
yacF	P36680	925.244518125118	21
ygiF	P30871	635.5650298017536	21
ybhG	P75777	737.9701436539262	21
ycdX	P75914	550.2185849217359	21
yieP	P31475	844.7012501321401	21
yjgM	P39337	671.5944903779072	21
grx	P68688	504.32442654745563	15
queC	P77756	664.9595691732117	21
adhP	P39451	778.8136245771652	21
flgN	P43533	673.9137124043482	21
yecD	P0ADI7	678.8989657646529	21
nuoF	P31979	946.3272360888523	21
ubiD	P0AAB4	789.4423252301912	21
yfeY	P76537	872.83687516738	21
pyrF	P08244	1020.7637179278091	21
nuoB	B1X8Z9	805.364886551233	21
metH	P13009	816.9237975210068	21
rlmI	P75876	783.1429601768778	21
yidB	P09996	812.6858181330697	15
glgX	B1X776	806.3245756468792	21
purF	P0AG16	816.9355491311004	21
mdoH	P62517	765.2978452518415	21
miaD	P0A7I4	911.4108204013734	21
cmoA	P76290	701.9309024474187	21
yjeE	P0AF67	777.429635442354	21
udk	P0A8F4	827.929942911295	21
yjbJ	P68206	847.8451069204907	21
yggL	P38521	856.4726888177208	18
yigB	P0ADP0	838.6689208162968	21
divA	P0ABH0	718.1890927902922	21
wbbJ	P37750	964.727101779598	21
otsB	P31678	761.8147258660287	21
chlG	P0AF03	840.8326137550222	21
rluB	B1XBL8	741.8579247253363	21
ygaD	P0A6G3	781.3183509218202	21
yeaO	P76243	453.52791957817726	21
lolD	P75957	681.6138055797909	21
coaBC	P0ABQ0	795.005873328625	21
secD	P0AG90	932.4137412563026	21
mgsA	P0A731	785.9817461990352	21
rspA	P38104	259.5735017419926	21
ssyA	P0ADG4	1091.9666932276662	21
ffh	P0AGD7	1241.5471504878587	21
rpmJ	P0A7Q6	1083.3371417705082	21
gadA	P69908	1243.4610704438467	21
betB	P17445	803.487157000079	21
yrdA	P0A9W9	838.6382528087096	21
frsA	P04335	734.8843010978111	21
gldA	P0A9S5	866.7940956613004	21
ksgA	P06992	828.8283030187423	21
def	P0A6K3	1013.3076748567429	21
ytfB	P39310	713.6087399725819	18
rsd	P0AFX4	846.4948865909357	21
tmk	P0A720	795.2872463922766	21
rnr	P21499	947.1222917759615	21
yqjG	P42620	841.6904603326333	21
hscB	P0A6L9	930.486753872006	21
ybhA	P21829	1073.774815180488	21
fpr	P69811	980.8101121429786	21
phoS	P0AG82	995.4397481028006	21
mraW	P60390	738.6578280550499	21
ipk	P62615	837.2019921853877	21
bglX	P33363	895.3146212327642	21
glmU	P0ACC7	939.4215567376973	21
yigI	P0ADP2	729.9707705029887	21
emrR	P0ACR9	1110.483041418301	21
prfA	P0A7I0	978.1089371670253	21
murA	P0A749	967.8713239033852	21
yiiD	P0ADQ2	744.1254878623847	21
ilvD	P05791	978.656199179225	21
bfr	P0ABD3	1438.8010216889857	21
aroE	P15770	747.070210382913	21
apeA	P0ADA1	1177.5849371939626	21
yheO	P64624	769.1655150843767	21
asuE	P25745	969.590912288848	21
tdh	P07913	851.2958264892508	21
rdgC	P36767	1148.0118933770366	21
yebA	P0AFS9	723.2027206164117	9
glnF	P24255	870.0131703782087	21
nfo	P0A6C1	1018.4638285778377	21
creA	P0AE91	837.5811207692554	21
yraM	P45464	1121.520376970074	21
yjhU	P39356	907.3473326709411	21
ybcJ	P0AAS7	1036.6845863627173	21
yacC	P0AA95	1026.2690596842572	21
yncB	P76113	952.6262763383564	21
gnsA	P0AC92	702.701219069159	21
rseB	P0AFX9	964.6736267271734	21
pepT	P29745	976.6804023049025	21
hslI	P52643	1016.4489198294336	21
ddl	P07862	961.4322134980214	21
ydbC	P25906	984.3743331517918	21
yhiI	P37626	887.5371581386866	21
ygiC	P0ADT5	1049.0960678715749	21
ddlA	P0A6J8	839.4796526944451	21
yfbT	P77625	893.406889856194	21
hemC	P06983	1054.366762229544	21
grcA	P68066	1423.7303108071376	21
borD	P77330	1317.222900615936	21
rluD	P33643	1060.539463437445	21
murE	P22188	990.600218404036	21
bolA	P0ABE2	1067.4917441496466	21
acn	P25516	1071.7570043153708	21
yccA	P0AAC6	1485.4322723382331	21
ydiH	P64476	1326.963459942764	9
yfiF	P0AGJ5	939.2003514732568	21
dxs	P77488	1133.997238505857	21
uxuA	P24215	819.594645844761	21
rstA	P52108	882.976269506294	21
corC	P0AE78	869.5747852319415	21
ycbL	P75849	1028.2186585181707	21
act	P0A9N4	1166.3494296596034	21
tgt	P0A847	1209.415883679847	21
argF	P06960	1110.3836208456055	21
rlpA	P10100	1014.517761463776	21
lpxA	P0A722	941.9044413363556	21
lysA	P00861	1010.5602266927696	21
cmk	P0A6I0	1312.07854621676	21
amyA	P26612	1015.7431308318361	21
hinT	P0ACE7	912.3312796748492	18
yggS	P67080	1003.5557198380898	21
sodC	P0AGD1	1104.0297261820506	21
yhgF	P46837	1280.5973044318644	21
cobB	P75960	1141.836915461171	21
yciS	P0ACV4	1334.3079812417027	21
yeeN	P0A8A2	1021.2652890984549	21
yadG	P36879	980.6888216705573	21
yiiS	P32162	1033.048858028339	21
rcsF	P69411	1170.5997901129267	21
bfe	P06129	1171.9260236815262	21
queF	Q46920	1145.9112507174507	21
baeR	P69228	1027.0637361462739	21
rsuA	B1X881	1160.5189557326212	21
yciF	P21362	1012.0917337385986	21
yiiM	P32157	942.8567071025208	21
rbaB	P21507	1198.8969230285554	21
nuoG	P33602	1530.0814397577813	21
cysC	P0A6J1	1743.956838282699	21
phnA	P0AFJ1	1295.5672652748276	21
bhsA	P0AB40	840.2943894618124	21
rpoZ	P0A800	923.7535746999533	21
gsiB	P75797	1089.9786505166353	21
murC	P17952	1083.8450735784832	21
yciT	P76034	882.7925501115742	21
ymbA	P0AB10	1236.7988984958395	21
lptA	P0ADV1	1172.4600921785818	21
yieG	P31466	1240.1983189704274	21
yibL	P0ADK8	1240.3508427944923	21
prc	P23865	1155.1314374538692	21
nam	P21369	1134.4093291594822	21
trmB	P0A8I5	1267.3762261709014	21
bioD	P13000	1176.4005264937227	21
mlaF	P63386	1137.2151683246555	21
ydbL	P76076	1586.094494652445	21
rlmB	P63177	1131.5228738352973	21
hemX	P09127	1240.183490588865	21
rna	P21338	1321.9385319796293	21
glxB6	P75713	1085.7539099751693	21
dhaM	P37349	1041.3752124041375	21
mtlA	P00550	1368.342595279814	21
proQ	P45577	1475.3355229705703	21
pncB	P18133	1350.4126339508657	21
nuoC	B1X8Z8	1533.348570817817	21
acs	P27550	1785.4267403914964	21
ndh	P00393	1289.136545851211	21
fdhA	P14081	1160.2107753035257	21
ygiD	P24197	1364.1303043096593	21
rnc	P0A7Y0	1047.324281949816	21
hemM	P61320	1656.8605442088071	21
pit	P0AFJ7	1548.1422060916982	21
chaB	P0AE63	851.2545273270035	21
gpsA	P0A6S7	1042.3448269014002	21
yghA	P0AG84	1130.7638860315283	21
yfgD	P76569	881.5882926437738	21
katG	P13029	1371.7043011168128	21
chlA5	P30749	1312.4687532303394	21
ycgL	P0AB43	1239.4024333650725	21
polA	P00582	1201.624301033542	21
yaaA	P0A8I3	1060.5361317574686	21
yidA	P0A8Y5	1293.1013752908254	21
ushA	P07024	1320.6321720628289	21
dhpS	P0AC13	1480.3996233819294	21
lysU	P0A8N5	1239.244771386641	21
yhbJ	P0A894	1142.3078830128977	21
rplR	P0C018	1339.6511629764082	21
yebV	P64503	1923.7583193139428	12
kdsC	P0ABZ4	1260.3323208563477	21
yfgM	P76576	1210.7567202893313	21
fadI	P0AEN1	1212.7161413808865	21
glgB	B1X777	1288.8498500245323	21
acpD	P41407	1232.9287482478119	21
rfbC	P37745	1339.3632987202068	21
agp	P19926	1494.0375107895225	21
rimP	P0A8A8	718.5876374255931	21
mrp	P0AF08	1509.389743990566	21
fimC	P31697	1363.4145880292845	21
evgA	P0ACZ4	1239.4717158901187	21
degQ	P39099	1320.3376076780605	21
argI	P04391	1758.7042438306592	21
mpl	P37773	1339.2047271509098	21
damX	P11557	1066.6469478213342	21
fii	P0ABU9	1519.454644343371	21
ispG	B1XAZ0	1562.8067208815387	21
pyrD	P0A7E1	1582.4623243513608	21
secG	P0AG99	1835.616513949712	21
purT	P33221	1455.6611930859995	21
dsbC	P0AEG6	1793.7339910925343	21
gloA	P0AC81	1202.2956786887967	21
trmJ	P0AE01	1479.3255530826075	21
cysH	P17854	2748.126865771504	21
supH	P75792	1398.8760155744094	21
sufB	P77522	1152.5921542845829	21
kdsD	P45395	1589.894757143008	21
uvrB	P0A8F8	1145.6264861312181	21
rsmC	P39406	1531.641693460665	21
deoA	P07650	1284.1465628805022	21
ybiT	P0A9U3	1370.321403880755	21
amtA	P22255	1505.4186257914685	21
rimI	P0A944	1471.5836384973613	21
adhC	P25437	1506.9117443448415	21
alt	P00579	1777.2579529276243	21
pufX	P17993	1478.7843188199076	21
der	P0A6P5	1209.034548123223	21
yobA	B1XHA9	1746.0322162584216	21
deoC	P0A6L0	1268.600239155208	21
thyA	P0A884	1202.5223935766167	21
mioC	P03817	1475.8839280420789	18
sth	P27306	1487.1531721857891	21
mra	P11880	1370.9151685641627	21
yeiP	P0A6N8	1839.9147602214696	21
ynfB	P76170	1558.5822365080003	21
gudD	P0AES2	1553.8556647651726	21
yfiO	P0AC02	1485.0858507912285	21
tehB	P25397	1416.8040893588047	21
yibT	Q2M7R5	2019.9025372985875	21
chlA3	P0A738	1661.124069838665	21
cbpA	P36659	1341.6653068719954	21
oxaA	P25714	1885.0068671363015	21
dacC	P08506	1253.7313674714646	21
gmk	P60546	1346.6531961056576	21
gcvT	P27248	1602.4475315385826	21
gcvP	P33195	1747.0286118832705	21
speG	P0A951	1308.2469056902796	21
ndpA	P33920	1637.141848393098	21
ygeA	P03813	1305.0986565150251	21
tas	P0A9T4	1586.8355158584598	21
yfeX	P76536	1175.7119516911432	21
glnQ	P10346	1640.4615186906108	21
yceI	P0A8X2	1975.8049880729814	21
rfbB	P37759	1804.8477081459207	21
fdoG	P32176	1824.9127416592476	21
acrB	P31224	1842.0151612842337	21
cutA	P69488	1357.8313024937047	21
glf	P37747	1654.8146532736619	21
kdgR	P76268	1378.9472927941333	21
cyd-2	P0ABK2	1935.5240944590332	21
yjjX	P39411	1405.0147097997947	21
abc	P30750	1489.1079432143097	21
yeiG	P33018	1439.5314335092614	21
yfaY	P77808	1683.1440381378084	21
ybhB	P12994	1145.127332361811	21
yqcA	P65367	1317.536252952386	21
gpmB	P0A7A2	1607.1372192270658	21
ydiA	P0A8A4	1249.7656441202603	21
dadA	P0A6J5	1155.3240621114517	21
sohB	P0AG14	1707.424778216226	21
solA	P40874	1709.3646655073737	21
yedD	P31063	1737.1044693500103	21
hisI	P06989	1597.6861787324594	21
lolA	P61316	1466.8562750442516	21
hslO	P0A6Y5	2087.866811139666	18
tldD	P0AGG8	1441.347118244108	21
yjbR	P0AF50	1540.74624023294	21
nagA	P0AF18	1471.2879032945013	21
glk	P0A6V8	1759.990587147773	21
livF	P22731	1698.8092365275454	21
yliJ	P0ACA7	1605.98700277981	21
folA	P0ABQ4	2431.149843420321	21
uspG	P39177	1547.2567659799768	21
menB	P0ABU0	1532.751062062484	21
yhfA	P0ADX1	1771.1908088327154	21
ppiA	P0AFL3	2040.1138712407105	21
iciA	P0A8S1	1480.6906394157072	21
hdeD	P0AET5	2716.7531206943813	18
map	P0AE18	1690.5409948521212	21
yciE	P21363	1689.371975517899	21
gsp	P0AES0	1598.2511042203569	21
metJ	P0A8U6	1878.0533086043724	21
katE	P21179	1973.3882346628466	21
pyrH	P0A7E9	1885.0314885471012	21
ybgF	P45955	2052.0645109292764	21
gatY	P0C8J6	2507.053125695732	21
gshA	P0A6W9	1530.1262745661986	21
cysM	P16703	1955.6930809703663	21
dhaL	P76014	2104.6204286591615	21
erfK	P39176	1500.7151437461866	21
dnaJ	P08622	1808.779991408936	21
cyoB	P0ABI8	2418.9579850893897	21
ftsY	P10121	1825.14998187346	21
ybiB	P30177	1530.74351875802	21
coaD	P0A6I6	1940.66099056997	21
gph	P32662	1783.1383909540828	21
prlA	P0AGA2	2233.03100452914	21
aroB	P07639	1422.3149327880344	21
aroH	B1XG11	1324.6345740471536	21
glsA1	P77454	1931.04549838705	21
rpsN	P0AG59	1988.35542544699	21
ilvN	P0ADF8	2481.789326136797	21
dtd	P0A6M4	705.7978036183241	18
yciN	P0AB61	984.1810459919262	21
prkB	P0AEX5	1772.3554509796531	21
yihD	P0ADP9	1725.981106189235	21
yceF	P0A729	1808.7762501520183	21
fhuE	P16869	1733.453465513989	21
dld	P06149	2153.693140038948	21
pdxH	P0AFI7	1656.1486720538817	21
aspP	Q93K97	2111.1234641865362	21
purR	P0ACP7	1455.0737490611257	21
ybiJ	P0AAX3	279.006474789344	21
yicC	P23839	2023.0497658353174	21
fkpB	P0AEM0	2389.148124238562	21
chlA2	P0AEZ9	2199.4160724420663	21
dacA	P0AEB2	1868.3216928126333	21
rodZ	P27434	1896.3406603663427	21
dhaK	P76015	2043.4804059960138	21
accD	P0A9Q5	1912.1950519518725	21
cysP	P16700	2957.096396017437	21
dcd	P28248	1732.6722833448794	21
ycfD	P27431	2141.060391094755	21
seqA	P0AFY8	1262.5234911161626	21
cyaY	P27838	2069.1323279026083	21
lptB	P0A9V1	1897.3926348508048	21
ygaF	P37339	2239.6968309399854	21
ycgM	P76004	1792.599135706222	21
amn	P0AE12	1701.7145503419126	21
asnA	P00963	2412.583652012598	21
hdeB	P0AET2	1081.310805071228	21
ynhG	P76193	1760.8521158195024	15
yibN	P0AG27	2988.14228802606	21
ybeB	P0AAT6	2222.709560775162	21
fhuA	P06971	2014.1260959852048	21
fbp	P0A993	2277.3124238293763	21
hemE	P29680	2140.9188654796862	21
mtlD	P09424	2291.8916033440455	21
livG	P0A9S7	1785.5667094070593	21
rng	B1XHL8	1957.0981230547548	21
yniC	P77247	2235.0029772724697	21
ydcI	P77171	593.4701217607071	18
proU	P0AFM2	2744.591752792596	21
yciK	P31808	1846.0577597225451	21
speE	P09158	2344.6057267111096	21
glnB	P0A9Z1	1995.4162361975325	21
ilvI	P00893	1882.3769306985362	21
dkgA	Q46857	2146.608112428073	21
prlB	P02925	4536.230628118859	21
bglA	Q46829	2288.8354859430933	21
manA	P00946	2296.137487535304	21
speD	P0A7F6	2306.247123818704	21
dnaN	P0A988	1981.6526375625294	21
thiJ	Q46948	2131.7251465306003	21
fmt	P23882	2036.9340031575598	21
yohN	P64534	2087.953003691732	21
pck	P22259	2472.1479931856193	21
clpA	P0ABH9	2211.5630849957406	21
mfd	P30958	2258.4634070677193	21
mug	P0A9H1	1892.087995915298	21
azi	P10408	2259.9159724562146	21
nrdE	P39452	1118.5905758390447	21
xth	P09030	2556.7067121251002	21
aroK	P0A6D7	2525.6458493882606	21
gabT	P22256	2441.4552525629138	21
slp	P37194	2830.4486914683657	21
rnb	P30850	2699.7654382557807	21
yqhD	Q46856	2141.205470210014	21
puuP	P76037	1636.9343554977959	21
argS	P11875	2565.1767718963097	21
yfcB	P39199	2351.995588384713	21
accB	P0ABD8	2070.503066241174	21
firA	P21645	2470.730074106286	21
ilvB	P08142	2817.5830997326807	21
yraP	P64596	2644.159128625046	21
mda18	P17117	2271.0178738395616	21
osmF	P33362	2940.885108298499	21
argB	P0A6C8	3154.185371262482	21
gmhB	P63228	1744.0672198914167	12
acsA	P63235	2606.7620279942716	21
purK	P09029	2356.211124957021	21
yebY	P64506	2282.1834500484442	21
glmD	P0A759	2172.2532218767583	21
proP	P0C0L7	1792.4313966113111	21
ybaK	P0AAR3	2547.6530894931147	21
maeA	P26616	2640.71138982731	21
ftsB	P69924	2545.1659710464082	21
accA	P0ABD5	2785.167868454357	21
ycfP	P0A8E1	2513.984741349534	21
pepB	P37095	2847.0130724031815	21
acrB	P0AES6	2483.554665642032	21
yjgA	P0A8X0	2430.197859085921	21
nadC	P30011	2461.0355643153275	21
galD	P09147	2684.5653153463118	21
yeaD	P39173	3080.7918891359304	21
gor	P06715	2492.3184290998224	21
ybhC	P46130	3053.9255203599955	21
yrbA	P0A9W6	2752.639016657273	21
icsU	P0ACD4	3531.935738071195	21
codA	P25524	2993.649220927295	21
guaC	P60560	2643.1244428416167	21
allR	P0ACN4	1866.52778535238	21
argC	P11446	3498.620737949362	21
raiA	P0AD49	2488.904074337944	21
pdxJ	P0A794	2346.134757188552	21
hpt	P0A9M2	2808.629460823331	21
ybjP	P75818	6484.611287684649	18
aroD	P05194	2373.8689804200817	21
glgC	P0A6V1	2314.4191583811	21
cyd-1	P0ABJ9	3084.1849430149327	21
puuA	P78061	1798.4010818148151	21
cysA	P16676	2857.438381289304	21
ileS	P00956	2858.499445500614	21
murD	P14900	2595.0201759763477	21
dnaF	P00452	2510.7901936063554	21
nudE	P45799	2450.8131353428603	21
metC	P06721	2378.465843177749	21
otsA	P31677	2525.354986525955	21
yahK	P75691	2953.3142011337122	21
rplW	P0ADZ0	3011.079035321402	21
purD	P15640	3006.5718420328612	21
yjiA	P24203	2968.932237078971	21
ycdO	P0AB24	2631.03935914083	21
mntH	P0A769	2765.119033344253	21
pdxK	P40191	2560.1053678577255	21
g30k	P0AB28	3271.552337724699	21
ybaB	P0A8B5	2640.590410716058	21
zipA	P77173	2911.9321704734252	21
gshB	P04425	3074.9836780583314	21
yecC	P37774	2912.227186898451	21
clpX	P0A6H1	3543.8031929905897	21
gabD	P25526	3130.866407749336	21
aroA	P0A6D3	3111.983133231645	21
ydcL	P64451	2860.532853562684	21
cld	P76372	3890.5647354960806	21
sufA	P77667	2375.6451221231573	21
orn	P0A784	2919.795930428328	21
ppiD	P0ADY1	3039.762840885746	21
nupA	P0A927	3621.2700234122403	21
yqfB	P67603	3431.9508017839976	21
argH	P11447	3724.816945409855	21
gatA	P69828	3653.627718355102	21
bioA	P12995	2219.570650242882	21
momR	P0ACQ4	3068.2659165177133	21
atpF	P0ABA0	4239.185017824066	21
minE	P0A734	2256.3883015331758	21
ptsN	P69829	2845.235870622154	21
aspB	P09831	3965.6861688763306	21
rne	B1X9J7	3382.8726060186677	21
sdhA	P0AC41	3657.866934370593	21
yajG	P0ADA5	3899.5742429029515	21
acnB	P36683	4021.783830159551	21
cysB	P0A9F3	2705.96981400484	21
hldE	P76658	3312.2004168154026	21
carP	P68767	2869.997326847712	21
hslU	P0A6H5	3028.7688526001257	21
ycdY	P75915	2927.9253664535795	21
yajO	P77735	3008.7614742451774	21
nrdF	P37146	3047.647954540545	21
lexB	P0A7G6	3658.7623207273055	21
P15B	P0A7G2	3109.4873939966756	21
cysJ	P38038	3781.352910710727	21
proC	P0A9L8	3832.547851660745	21
yfgL	P77774	3422.576845414324	21
maeB	P76558	3019.911647651923	21
nusB	P0A780	3037.644573551027	21
envB	P0A9X4	3479.0635424811003	21
sufC	P77499	2433.747311623624	21
metB	P00935	4348.687797323139	21
purU	P37051	2730.5414099441196	21
iraP	P0AAN9	3148.1132018492935	18
infB	P0A705	4007.0636352310175	21
cdfA	P0A9H7	1458.887926438327	21
engB	P0A6P7	3624.0842720909786	21
accC	P24182	3521.131121928496	21
proA	P07004	3357.1678267960224	21
gltX	P04805	4064.63267851151	21
yggX	P0A8P3	3112.727748680272	21
ubiE	P0A887	3615.1981163263445	21
artJ	P30860	5284.1719376310975	21
thrB	P00547	4283.001916044571	21
metA	P07623	3504.1465570493633	21
cutA3	P0ACU7	3161.2184840533514	21
glcA	P69786	3865.963919624239	21
cdd	P0ABF6	3175.2278480818577	21
imp	P31554	3324.027246164477	21
slyA	P0A8W2	2710.5744127165794	21
entE	B1X5Z1	2870.364572404805	21
tesB	P0AGG2	3378.6020591681577	21
rpsU	P68679	3703.082280356315	21
pta	P0A9M8	3293.954962804073	21
engD	P0ABU2	3729.247619639286	21
yhbY	P0AGK4	3724.172223975692	21
poxB	P07003	3344.6599006048255	21
ydfG	P39831	3339.072901742229	18
cysS	P21888	3644.016585909132	21
dapB	P04036	3029.195115056797	21
rcsB	P69407	3755.44849055588	21
rpsL	P0A7S3	4091.345088808302	21
lepA	P60785	3894.4392302291963	21
gcd	P15877	3619.0092485765626	21
ribA	P0A7I7	3815.591122037959	21
pps	P23538	2847.1813524159106	21
ymdB	P0A8D6	3264.497644061144	21
hcz	P28304	2995.2987114565094	21
cysI	P17846	4338.55611421138	21
aspB	P09832	4893.142699801164	21
ltaE	P75823	2819.664988410573	21
fepB	P0AEL6	3603.6581604856615	21
capR	P0A9M0	3649.602516667488	21
pfkB	P06999	2931.3429403341547	21
kmt	P0AA16	3429.032352483715	21
rtrY	P0A881	3625.156102451781	21
sucA	B1X6Q6	4306.364176252542	21
metF	P0AEZ1	4248.983459544466	21
fdhB	P16456	3280.5478400825464	21
gptB	P69805	4077.6655913114755	21
thrS	P0A8M3	3819.891340406416	21
yceH	P29217	3083.465854196805	21
lptE	P0ADC1	3684.997991078998	21
uxaC	P0A8G3	3005.0501037853787	21
uspD	P0AAB8	3067.44797373006	21
ybiX	P75779	3637.924979506142	21
argD	P18335	5475.711036219272	21
nagD	P0AF24	4139.278926894861	21
glnS	P00962	4056.4299784423965	21
proB	P0A7B5	3270.61283377627	21
hflA	P0ABC7	3689.9115853667076	21
ycfM	P0AB38	3883.3669737680693	21
exbB	P0ABU7	3701.591474867692	21
apt	P69503	3907.50539495331	21
potF	P31133	4855.5269953676525	21
gyrA	P0AES4	4028.9164964036936	21
pepP	P15034	3533.8889785094093	21
rfbA	P37744	3904.967756812156	21
folX	P0AC19	4190.7649195215745	21
aroC	P12008	3697.915470830734	21
argE	P23908	4796.17702809295	21
mtn	P0AF12	4331.9344177247785	21
leuC	P0A6A6	5558.959370327538	21
yccJ	P0AB14	2410.2949736227465	21
ybbN	P77395	4022.084371084043	21
dcrB	P0AEE1	4636.7352169986325	21
yibF	P0ACA1	3895.0041537862403	21
pdxB	P05459	4077.9143153610426	21
tolB	P0A855	4282.947221691575	21
cspA	P0A9X9	4517.094598760824	21
metG	P00959	4174.211333982821	21
mda66	P0AEY5	3879.8666338329153	21
mmrA	P0A8J8	3940.9146330954345	21
fes	B1X5Y1	2774.137034734909	21
mdoG	B1X9G2	4420.329243460093	21
cyoA	P0ABJ1	5295.25273191934	21
ydjA	P0ACY1	4553.394935863169	21
yegP	P76402	4793.95847342931	21
uspF	P37903	4458.946797632865	21
fur	P0A9A9	6303.449782820215	21
glmM	P31120	3930.888131612131	21
hisC	P06986	4683.5055030557105	21
elb2	P0ABU5	3772.9021592361064	21
htpG	P0A6Z3	4725.885658400665	21
valS	P07118	4399.9438779664315	21
yfcE	P67095	3098.88612308976	21
dcyD	P76316	4742.693823678526	21
pog	P0ACA3	4567.426390349245	21
entA	P15047	4151.0399026880295	21
opdA	P27298	4766.9155657487945	21
dapX	P0A903	4550.350643766017	21
fabZ	P0A6Q6	4292.336845593501	21
yaeT	P0A940	4757.321200613516	21
entF	P11454	3505.3085452412797	21
acrA	P0AE06	4906.790371573696	21
pyrG	P0A7E5	4938.383883967067	21
asnB	P22106	5085.223351428	21
ygiW	P0ADU5	5026.392607302486	21
yeaG	P0ACY3	4096.995946255824	21
hflA	P0ABC3	5001.56246601979	21
mlaC	P0ADV7	6510.966472547713	21
galF	P0AAB6	4795.871838557779	21
pmbA	P0AFK0	4729.514443076412	21
parVA	P0A9L5	5005.2420421089755	21
wrbA	P0A8G6	5215.452740320839	21
ydgA	P77804	5084.68008013666	21
hisA	P10371	5351.424711078004	21
yciO	P0AFR4	4952.853324892503	21
alaS	P00957	4980.567633206153	21
grxD	P0AC69	6290.096478828936	21
ydjN	P77529	6776.025409079186	21
dcp	P24171	5690.106975752485	21
sucB	B1X6Q7	5689.777786353482	21
ftn	P0A998	6847.987179740007	21
nusG	P0AFG0	5585.226737013568	21
ribC	P0AFU8	5605.909533315727	21
brnP	P00894	4372.491879801701	21
iscS	P0A6B7	6566.529359885131	21
speA	P21170	5765.716056953474	21
yahO	P75694	3486.89460852458	21
pspA	P0AFM6	4276.270245934189	21
yghU	Q46845	5417.439767033399	21
gpp	P0A9M5	6525.379234607649	21
yhjE	P37643	4094.41779481005	21
ivy	P0AD59	5175.000968415105	21
yhdH	P26646	5116.585138290847	21
leuS	P07813	5798.235284480243	21
ribE	P61714	5920.435584492082	21
ybiC	P30178	5793.972743593806	21
yhcB	P0ADW3	5864.239788163616	21
cysN	P23845	7060.982904352995	21
dsbA	P0AEG4	7110.110719819313	21
drpA	P16659	5663.387752821155	21
nlpA	P04846	6262.060575129282	21
fiu	P75780	4537.572271116604	21
frdR	P0AF28	4895.366545052399	21
yjjK	P0A9W3	5877.876548372256	21
ald	P25553	7907.410047298156	21
cap	P0ACJ8	5799.040812243746	21
ftsH	P0AAI3	4772.476207902111	21
rpoC	P0A8T7	7064.774369358636	21
surA	P0ABZ6	5878.468701208643	21
hisF	P60664	6335.851713624978	21
yiaF	P0ADK0	6023.011004749758	21
csdB	P77444	5441.085344076309	21
artI	P30859	6717.65768022628	21
glmS	P17169	6161.580912193334	21
gatB	P37188	9216.607372755889	21
bipA	P32132	5972.502838188999	21
atpG	P0ABA6	5686.872960986607	21
nusA	P0AFF6	6393.273813157229	21
hemB	P0ACB2	5917.223067552685	21
ahpF	P35340	5913.700029709502	21
gltI	P37902	6482.399565902011	21
pepQ	P21165	6181.584073635656	21
yoaB	P0AEB7	5889.37186829307	21
greA	P0A6W5	6320.105397140333	21
fabF	P0AAI5	6325.884544062135	21
tyrS	P0AGJ9	4940.364799672697	21
adk	P69441	7845.503757421047	21
guaA	P04079	6752.740233893028	21
fkpA	P45523	7819.20616913035	21
clpB	P63284	6211.947001898521	21
ybeZ	P0A9K3	5815.473618448947	21
hisS	P60906	5883.85982897438	21
dprA	P38489	6908.39709454938	21
yebC	P0A8A0	5543.5540827120785	21
purI	P15254	7168.883703570501	21
gptB	P69797	6319.707752432241	21
exbD	P0ABV2	5492.969093939677	21
nitA	P0AG30	7100.031215819122	21
phoP	P23836	6144.117188939797	21
hisJ	P0AEU0	9801.882623613996	21
purH	P15639	7133.941640949	21
yccU	P75874	5341.306966185434	21
pntB	P0AB67	6868.399589602745	21
pntA	P07001	6913.72799563617	21
zwf	P0AC53	6418.502182490176	21
exrB	P0AGE0	7284.543976089357	21
fldA	P61949	6008.145399369228	21
yqiC	Q46868	6711.2480969050985	21
galM	P0A9C3	5219.934812037292	21
serS	P0A8L1	6318.164500971336	21
fabG	P0AEK2	5913.894299250723	21
argT	P09551	8962.156527988904	21
carB	P00968	8721.982280855947	21
degP	P0C0V0	6686.8677552415575	21
panC	P31663	6280.1844432094595	21
sodB	P0AGD3	10557.027943933384	21
trpS	P00954	7453.465265903482	21
hisB	P06987	7308.9386950195285	21
gpmI	P37689	7903.933802091004	21
fabA	B1X8Q8	7568.965075110194	21
ydgH	P76177	7255.6270786588275	21
btuE	P06610	7125.929912440003	21
yifE	P0ADN2	9331.295669913769	21
pykA	P21599	7748.1728098286185	21
galU	P0AEP3	8096.506667637311	21
cpxR	P0AE88	7568.092085276344	21
hnsB	P0ACG1	5007.59823080731	21
mipA	P0A908	9148.798020071754	21
pepN	P04825	6940.977609244039	21
pdzA	P0A7L3	11795.857255114874	21
prfB	P07012	7902.760059980632	21
mscL	P0A742	3059.061812545289	15
csrA	P69913	7230.929614887436	21
fit	P0A707	8339.003365869481	21
ack	P0A6A3	8675.638814739954	21
hid	P0A6X7	6678.973198652539	21
tktB	P33570	7774.719055717549	21
pfkA	P0A796	7430.721150161199	21
leuD	P30126	11330.795266168589	21
ads	P24186	8020.451301616478	21
glu	P00864	8282.443344319272	21
aspS	P21889	7484.142243878299	21
potD	P0AFK9	10039.925551706687	21
fabD	P0AAI9	8805.602967765575	21
eda	P0A955	9247.129925387417	21
atpH	P0ABA4	10056.877745138097	21
crl	P24251	7784.337719325138	21
asuD	P0A8N3	8509.98005994663	21
cysD	P21156	11549.668380254543	21
gst	P0A9D2	8238.701643352453	21
rplN	P0ADY3	9757.28038733734	21
uspE	P0AAC0	8775.4925974923	21
ybiS	P0AAX8	8993.484252241637	21
glnH	P0AEQ3	11250.191977142129	21
purG	P08178	10109.661089369809	21
glyS	P00961	9367.42275600736	21
carA	P0A6F1	11458.635041416179	21
livK	P04816	12721.972809562654	21
alsB	P0ACJ0	9540.398810999828	21
pyrC	P05020	11780.527808528514	21
pnp	P05055	10641.538090634638	21
sucC	P0A836	11182.92876734941	21
ygfZ	P0ADE8	10254.365842082441	21
pgm	P36938	9651.973165540743	21
clpP	P0A6G7	10540.39760962891	21
dhnA	P0A991	9882.230183580656	21
deoB	P0A6K6	9705.030300379167	21
efp	P0A6N4	12451.298722692614	21
glyQ	P00960	8922.735195812367	21
groN	P0A8V2	11271.249290642712	21
rplQ	P0AG44	13039.539408550461	21
yfbU	P0A8W8	8857.688355007205	21
ydhR	P0ACX3	9650.706695964815	21
tyrB	P04693	10419.078050999893	21
atpC	B1X9V9	11776.701028501639	21
guaB	P0ADG7	12093.13584082216	21
purE	P0AG18	10959.653183598788	21
deoD	P0ABP8	9161.656994257846	21
yaiE	P0C037	11798.087586105179	21
ghrB	P37666	8565.475517717252	21
gntY	P63020	12005.424013982667	21
hisG	P60757	11950.495277744296	21
rpiA	P0A7Z0	10496.348197906676	21
asnS	P0A8M0	10895.781280832005	21
upp	P0A8F0	13845.361083299527	21
sucD	P0AGE9	13089.80567824808	21
gadB	P69910	14233.09440136767	21
hisH	P60595	12794.180132651616	21
rpsC	P0A7V3	20725.467410576835	21
dod	P0AG07	11673.08005863645	21
yggE	P0ADS6	11332.665093072088	21
fucU	P0AEN8	10457.50342867078	21
hldD	P67910	13204.109847028949	21
yajC	P0ADZ7	15456.87878271011	21
frr	P0A805	12424.135452435097	21
osmY	P0AFH8	14868.6653896309	21
modA	P37329	4030.993571493578	21
hfq	P0A6X3	12017.446097507938	21
yciI	P0AB55	8353.414856680945	21
slyD	P0A9K9	13897.246661935993	21
slyB	P0A905	16387.40951352109	21
rpmA	P0A7L8	13503.839114766875	21
pgl	P52697	11578.844196191105	21
arcA	P0A9Q1	12150.590313781464	21
thrC	P00934	16720.173147557773	21
rpmB	P0A7M2	14912.421610451785	21
rplM	P0AA10	15606.669837816671	21
grxB	P0AC59	10759.348697326055	21
argG	P0A6E4	16515.952844804076	21
fep	P05825	14711.175236673227	21
ilvE	P0AB80	15372.303108446484	21
ygaU	P0ADE6	12761.980032125408	21
rplB	P60422	21905.890984661775	21
purB	P0AB89	15216.219899011088	21
aceE	B1XC89	17649.53685958854	21
flu	P39180	15448.785432179166	21
aceF	B1XC90	16536.931981025613	21
himD	P0A6Y1	10934.429442404338	21
grxC	P0AC62	8372.567994624473	21
hisD	P06988	16753.484058089343	21
udp	P12758	14411.552516797223	21
rpsT	P0A7U7	24372.87924566666	21
fabH	P0A6R0	15768.253394572985	21
ramA	P0A7V8	21415.60760615248	21
rpsI	P0A7X3	16988.72228191466	21
folE	P0A6T5	14851.582526829086	21
ybaY	P77717	17480.00046926993	21
gmhA	P63224	15450.317537978886	21
hdeA	P0AES9	24489.703046283586	21
rpsS	P0A7U3	21800.07015110396	21
dapA	P0A6L2	15532.257074899486	21
rplO	P02413	21953.13067403829	21
ptsI	P08839	17314.196828347373	21
thrA	P00561	18295.86417583943	21
pyrB	P0A786	21290.12305130051	21
bcp	P0AE52	16134.74164866196	21
tpi	P0A858	17246.95537427191	21
pgi	P0A6T1	17936.61358705936	21
ybeD	P0A8J4	15231.673164162945	21
hchA	P31658	16289.21435426616	21
gnsB	P77695	10030.209631004509	21
gdhA	P00370	14843.86772561554	21
anr	P0ADB1	20370.987786829093	21
talA	P0A867	16267.80411471968	21
kdsA	P0A715	18258.812438782432	21
aspC	P00509	18544.62380268676	21
yeeX	P0A8M6	18561.78409215258	21
yaeH	P62768	15781.784147524568	21
aceB	P08997	20125.141940364934	21
ftsZ	P0A9A6	18245.191389604326	21
ysgA	P56262	20498.16255113903	21
rplY	P68919	20197.23631869017	21
tkt	P27302	19230.24921576275	21
pheS	P08312	18703.830037373362	21
ybgI	P0AFP6	17822.994595855635	21
rpsM	P0A7S9	30621.433450207493	21
envM	P0AEK4	23248.555302721405	21
rpsB	P0A7V0	28365.92004123245	21
adhE	P0A9Q7	22482.746236011808	21
pepD	P15288	19129.03418476644	21
elaB	P0AEH5	18836.981723830864	21
hdhA	P0AET8	19166.03369514225	21
relC	P0A7J7	27191.340838778615	21
rplV	B1X6G6	24520.310883637725	21
pheT	P07395	19156.05879687732	21
hlpA	P0AEU7	20026.04638778379	21
ndk	P0A763	23003.919008147255	21
pykF	P0AD61	22639.494922100374	21
gsa	P23893	19840.229897108795	21
rpsH	P0A7W7	25981.9747426973	21
panB	P31057	22117.84882838143	21
ycaC	P21367	19791.474829552764	21
mtcB	P02930	21398.10045537036	21
gltA	P0ABH7	21947.26668456119	21
dapD	P0A9D8	23351.127901868957	21
nusE	P0A7R5	23920.096362988737	21
pyrI	P0A7F3	28627.68450524158	21
pheA	P0A9J8	16570.255161080222	21
entC	P0AEJ2	21997.46015034787	21
minD	P0AEZ3	16350.53920581592	21
purC	P0A7D7	22326.25031555359	21
rpmE2	P0A7N1	11719.409653507984	21
cspE	P0A972	33570.94386770567	21
glnA	P0A9C5	26076.043078417624	21
trxB	P0A9P4	25684.17818395479	21
pfl	P09373	24819.851731145875	21
metQ	P28635	32651.939672239485	21
tsf	P0A6P1	26141.451221755684	21
dps	P0ABT2	28234.7066499068	21
rplE	P62399	34020.75284610508	21
oppA	P23843	39431.55899130086	21
infA	P69222	24510.76322217013	21
metK	P0A817	26191.246073487033	21
pez	P0A7Z4	27372.780281080137	21
dppA	P23847	25180.994327111242	21
rplP	P0ADY7	35587.40789737655	21
tig	P0A850	29106.146601261793	21
aroG	B1X785	20921.79982023291	21
rpsO	P0ADZ4	37089.27727602255	21
fliY	P0AEM9	32035.017599835384	21
aldH	P23883	26248.524605134047	21
efg	P18843	22216.040324985734	21
asd	P0A9Q9	28474.84911451901	21
ppa	P0A7A9	28282.992380807063	21
cir	P17315	21211.723418354417	21
ppiB	P23869	26982.726547124705	21
trpE	P00895	14790.690308356196	21
rpsK	P0A7R9	34453.03539799195	21
fipA	P0AA25	28858.219100345468	21
goaG	P50457	21379.995131659958	21
atpD	P0ABB4	32740.53355950958	21
adeK	P0A7D4	28763.051123274272	21
rpsE	P0A7W1	29879.90871651587	21
secB	P0AG86	32235.54878544191	21
rpmG	P0A7N9	30744.821997803396	21
rplA	B1XBY6	35095.44282290523	21
talB	P0A870	30155.73479299165	21
grpE	P09372	28329.859422709873	21
aroF	B1XBS3	30440.60945090761	21
fba	P0AB71	34654.01957252162	21
lpd	P0A9P0	36471.16634893968	21
yajQ	P0A8E7	30327.66170703464	21
rplS	P0A7K6	35299.48228048763	21
sodA	P00448	37373.50177843783	21
ycgK	P76002	29777.894397679258	21
neaA	P0AG63	41442.52131341294	21
rplX	P60624	46923.50201900583	21
yhbH	P0AFX0	34020.58047430881	21
cmlB	P02931	40144.5251483608	21
leuB	P30125	28471.759631025227	21
excC	P0A912	44358.080757123345	21
entB	P0ADI4	28844.995390598197	21
ompT	P09169	37173.68489848456	21
gnd	P00350	37829.367356678435	21
dnaK	B1XBD9	40582.5247703454	21
trpC	P00909	25575.22385111202	21
yncE	P76116	30259.763043472212	21
ilvC	P05793	46752.397713962484	21
eryA	P60723	46250.68498309216	21
atpA	P0ABB0	43876.54399789694	21
prs	P0A717	39665.862323762165	21
rpsA	P0AG67	44457.39035972011	21
rplU	P0AG48	43919.721739634515	21
livJ	P0AD96	51972.39234252648	21
fusA	B1X6J0	45066.846161434376	21
hopD	P0ACF4	43329.33062676845	21
can	P61517	47356.999573598936	21
yqjD	P64581	38221.20247583075	21
luxS	P45578	49090.06947501205	21
groEL	P0A6F5	48634.784239129214	21
yjgK	P0AF96	47024.92136420704	21
pdxC	P23721	44368.428103654915	21
rpsF	P02358	54568.28453457554	21
rpsG	B1X6J1	59746.92226788527	21
rplC	P60438	52273.01484090415	21
yjgF	P0AF93	46028.23432798361	21
glyA	P0A825	43260.26185732182	21
hpr	P0AA04	54814.92996607938	21
leuA	P09151	22428.81213332299	21
trpD	P00904	28078.470829538375	21
groES	P0A6F9	44287.533952242935	21
osmC	P0C0L2	40545.848083465804	21
fabB	P0A953	52454.50292242425	21
tyrA	P07023	30451.35690489348	21
mscS	P0C0S1	52276.68241496245	21
bglY	P0ACF8	54050.626971880265	21
pgk	P0A799	56434.60650300241	21
rplI	P0A7R1	69614.08004346846	21
ompX	P0A917	62899.53563529639	21
rplL	P0A7K2	65844.3087131991	21
rpsP	P0A7T3	73017.53360948393	21
trpB	P0A879	55396.4959947801	21
rplJ	P0A7J3	74052.06581576003	21
metE	P25665	97807.62875616709	21
serA	P0A9T0	63628.90559415383	21
ahpC	P0AE08	75264.2479412741	21
cspC	P0A9Y6	83457.72999833075	21
trpA	P0A877	58762.892417419884	21
crr	P69783	65155.91674167192	21
aceA	P0A9G6	74964.15815374242	21
meoA	P06996	64184.54706481152	21
rplF	P0AG55	79396.80932099339	21
uspA	P0AED0	84567.59875816944	21
rpmC	P0A7M6	95431.99348978797	21
gpm	P62707	68466.28409654488	21
yodA	P76344	58722.04921649107	21
acpP	P0A6A8	58426.200289881584	21
icd	P08200	89602.11167713218	21
gapA	P0A9B2	85746.26433997977	21
hupA	P0ACF0	92079.3356644055	21
yebL	P39172	106108.02486057923	21
mdh	P61889	108113.84411221581	21
eno	B1XDI9	96472.22859983113	21
cysK	P0ABK5	137209.57310470866	21
tpx	P0A862	127416.08925629024	21
lpp	P69776	204640.6353953515	21
con	P0A910	267389.8255050158	21
tufA	P0CE47	301731.02805832814	21
actP	P32705	22087.36705780172	3
rpmD	P0AG51	5929.140113032319	1
puuD	P76038	5495.809446267298	4
erpA	P0ACC3	3786.5184295883837	5
rpmF	P0A7N4	3597.6173720791408	1
ygiN	P0ADU2	2196.1673883283383	6
iscR	P0AGK8	1263.1102824967472	2
yeeD	P33014	2284.7518981614767	4
entS	P24077	1588.0094886843835	5
yeaZ	P76256	1779.6462880698089	5
yqjH	Q46871	1420.6797525824877	5
rseA	B1XBP9	1384.002039004918	4
yccF	P0AB12	1828.033858025502	6
dppC	P0AEG1	959.8548602123335	1
ytfP	P0AE48	842.3375116291983	4
rpsV	P68191	899.7202675104292	1
fhuF	P39405	825.5215880008876	3
ydiK	P0AFS7	1051.9095182808937	4
ldcA	P76008	736.090431366234	5
cytR	P0ACN7	738.5046178792151	6
fimF	P08189	637.8951224021744	1
glpE	P0A6V5	757.0368915006563	4
tusE	P0AB18	558.1732112803384	1
rdgB	P52061	443.67531941232454	4
livM	P22729	408.61007353211323	5
nudC	P32664	355.34289395280155	5
fnr	P0A9E5	374.38548665598387	4
atpB	P0AB98	447.54439994196173	3
rbsK	P0A9J6	396.76853639704086	2
artP	P0AAF6	401.9104218390132	1
yjbK	P0AC51	389.57847275594156	3
uraA	P0AGM7	289.22963760359903	6
hemG	P0ACB4	296.8748138485748	4
fis	P0A6R3	362.7472273920263	2
yejG	P0AD21	556.2907389604251	4
pcm	P0A7A5	373.14261037571345	3
yjaG	P32680	363.01576832211765	4
gcvH	P0A6T9	287.27236090766723	6
pldB	P07000	294.40894343640616	1
sseA	P31142	705.6004847877548	4
lplT	P39196	186.57961289384943	5
iscX	P0C0L9	266.7056337913079	1
fic	P20605	394.2811908778184	4
yfbR	P76491	234.25027739231336	4
kdsB	P04951	260.32974561230174	2
dgoR	P31460	232.5035272965449	5
clpS	P0A8Q6	242.2098177453984	5
gutQ	P17115	219.22036218127192	2
rpiB	P37351	222.9337509151754	3
yecF	P0AD07	295.56092431495887	4
fxsA	P37147	101.38226498609517	5
arsC	P0AB96	208.17245143853046	1
sgcR	P39361	217.06413308823943	6
gutR	P15082	185.31295011501885	5
dnaS	P06968	173.90304272609484	3
cheY	P0AE67	148.44668120805338	5
mhpE	P51020	105.87677594702821	4
yjdJ	P39274	140.1688542365767	1
hemF	P36553	163.9280407824413	3
focA	P0AC23	203.6970405395009	5
cmoB	P76291	61.38368276120279	5
ygdK	P0AGF2	528.5219607887848	6
tppB	P77304	67.44376677435048	3
mttC	P27859	157.43762123562436	4
hemA	P0A6X1	103.78234681233025	3
kdgK	P37647	131.33281320012216	3
ygdL	Q46927	118.6279857593379	6
menC	P29208	53.68202695131262	4
glsA2	P0A6W0	129.83407170675633	3
nlpI	P0AFB1	133.33368601530927	3
ycbZ	P75867	20.439196868119605	5
mrdB	P0ABG7	106.78207101307717	2
dgkA	P0ABN1	107.90673326646773	1
ybgA	P24252	76.31438639105268	3
sdaA	P16095	78.07162651237938	5
rraB	B1XEN4	112.95208255968268	5
folK	P26281	104.2191318842948	1
gltC	P0AER8	126.893258778074	2
yaiI	P0A8D3	21.27180721807433	1
ftsB	P0A6S5	94.58561370924154	1
mglC	P23200	94.41022114719433	3
ygdR	P65294	345.0570873959771	4
prlG	P0AG96	92.51576359812529	1
anmK	P77570	537.6155703993351	3
shiA	P76350	90.04174801794368	1
hypE	P24193	82.42504286429977	4
ycbC	P0AB01	99.80660439241723	4
yhdM	P0ACS5	55.39831464444919	4
ssuB	P0AAI1	45.71611747935824	1
dctR	P37195	79.69960406422175	2
mpaA	P0ACV6	99.39488344152777	5
agaR	P0ACK2	88.54696990563912	2
glnL	P0AFB5	141.7164179781389	4
ygfE	P0ADS2	6638.2017911806515	5
yaiA	P0AAN5	116.18800633089015	4
frmB	P51025	94.12634330841342	2
yejM	P0AD27	76.06045521475095	3
mmuM	Q47690	100.30180070608662	6
ykgI	P75687	68.22980143929115	4
tdcG	P42630	75.78048075235259	3
div	P15286	59.58475435210521	4
holB	P28631	56.793989327154065	2
yrfG	P64636	114.1605583224848	3
ynfM	P43531	131.25232282185112	3
aceK	P11071	65.85718356174307	1
chpAI	P0AE72	78.44983635288077	4
yhjS	P37657	14.436180404137813	5
yaeQ	P0AA97	60.037636565120366	1
yhiQ	P68567	68.37338128883368	4
sgaB	P69822	78.56651492502345	1
yggW	P52062	49.472685840064806	1
yibQ	P37691	79.31916854387627	4
yajD	P0AAQ2	112.3176107677187	3
cusR	P0ACZ8	45.07262026174975	5
yjaI	P0AAA9	23.80138451667831	5
nei	P50465	14.804084530423301	1
kefC	P03819	43.820815679608714	5
gntP	P0AC94	32.87535753890123	4
ais	P45565	7.982804889996558	2
rmf	P0AFW2	36.27139971032431	1
rpmI	P0A7Q1	36.247433024827174	1
fsr	P52067	32.63717867312227	1
fadJ	P77399	15.1979134287653	6
hda	P69931	23.157600488468294	2
ftsW	P0ABG4	25.078957583161912	1
yagI	P77300	24.83384375421393	1
yafS	P75672	35.139829359562206	3
mglA	P0AAG8	18.949909931647653	6
galR	P03024	23.57123518643301	1
malZ	B1XEZ1	23.43111726879568	6
yqhC	Q46855	19.708007804651537	3
ybcL	P77368	13.410882030432733	5
dacB	P24228	34.60573453626439	4
yibE	P60872	103.04003144221777	6
kdpB	B1X6M8	25.860276830338165	3
ybbM	P77307	24.709411803470697	5
phoW	P0AGH8	8.24507598954015	3
inaA	P27294	19.277232816325157	2
ygbM	Q46891	74.12791370470197	6
hrpB	P37024	20.042892487917207	4
ycjF	P0A8R7	17.709275573346563	2
yfiN	P46139	16.741819214544645	1
yjcO	P0AF56	16.593661522380533	3
ygiQ	Q46861	52.495937372712454	2
ydgD	P76176	31.81402481939483	4
yejH	P33919	13.39699608581297	2
ddg	P0ACV2	14.356896069135459	4
smp	P0AGC7	17.386313941989386	5
yhdA	P13518	91.80309084099441	4
gntM	P39835	2285.215014920456	3
fdhD	P32177	8.762602928476458	6
selU	P33667	28.16832944544288	3
ydhJ	P76185	15.330136881739438	5
ybiP	P75785	8.397924571366156	3
oxc	P0AFI0	10.121857161703623	4
dos	P76129	16.562350933787343	3
bcsC	P37650	7.381666024638229	4
yajR	P77726	9.628615898474287	1
yeaU	P76251	41.06487636049074	6
narR	P0AFA2	6.54538798261109	3
mdtC	P76399	4.179695896170531	2
ygbI	P52598	80.22095391955864	6
ygiS	Q46863	7.373573663304404	6
fam	P0AGB3	61.0437043430302	3
yidZ	P31463	0.4210155577034758	3
acrD	P24177	4.860338197862694	2
fucO	P0A9S1	8.567764324042932	3
cadC	P23890	4.68791361773964	1
hybC	P0ACE0	17.58511777195683	6
artM	P0AE30	57.228824530248474	4
ygdI	P65292	4.750909574861988	3
yegS	P76407	16.411946213532048	4
yedJ	P46144	26.931273881319008	2
fucI	P69922	2.5290465594239744	5
ydcR	P77730	6.940747880444147	5
cadA	P0A9H3	4.767492076633712	5
