gene	uniprot	mass_fraction_median	n_libraries
aas	P31119	7.6633375e-05	30
accA	P0ABD5	0.00048739020000000005	30
accB	P0ABD8	0.0006540884000000001	30
accC	P24182	0.00086334485	30
accD	P0A9Q5	0.00054385365	30
aceA	P0A9G6	0.0004847235	30
aceB	P08997	0.0004007861	30
aceE	P0AFG8	0.003647259	30
aceF	P06959	0.002331718	30
aceK	P11071	9.878342e-05	6
ackA	P0A6A3	0.0005882754	30
acnA	P25516	0.00053747585	30
acnB	P36683	0.008448882	30
acpP	P0A6A8	0.0037172925000000002	30
acpS	P24224	1.926717e-05	29
acpT	P37623	2.800538e-05	28
acrA	P0AE06	0.0005357235000000001	30
acrB	P31224	0.00034881375	30
acrF	P24181	1.4724405e-06	30
acrR	P0ACS9	1.1788755e-05	18
acs	P27550	0.0016441625	30
actP	P32705	0.0001967774	25
add	P22333	6.6232645e-05	30
adeD	P31441	3.520875e-05	25
adeP	P31466	0.00020332835	22
adhE	P0A9Q7	0.002770514	30
adhP	P39451	0.00016319565	20
adk	P69441	0.000956862	30
aegA	P37127	1.3555295e-06	26
aer	P50466	0.001121596	18
agaR	P0ACK2	4.641862e-05	29
agp	P19926	9.531176e-05	30
ahpC	P0AE08	0.0052359355	30
ahpF	P35340	0.00058096415	30
ahr	P27250	0.00012229565	30
ais	P45565	8.636218e-05	16
alaA	P0A959	0.0001965604	30
alaC	P77434	6.2052045e-05	30
alaS	P00957	0.001580148	30
aldA	P25553	0.0016040450000000001	30
aldB	P37685	0.0001251122	27
alkB	P05050	9.205213e-06	25
allB	P77671	0.00019244385	8
allC	P77425	6.420364e-05	6
allE	P75713	6.073453e-05	24
allR	P0ACN4	0.00013221955000000001	30
alr	P0A6B4	4.2961755e-05	30
alsB	P39265	1.204956e-05	29
alx	P42601	1.332942e-05	7
amiA	P36548	2.834831e-05	29
amiB	P26365	5.328654e-05	27
amiC	P63883	3.963532e-05	30
amiD	P75820	9.8578035e-06	24
amn	P0AE12	0.0005800732	30
ampC	P00811	1.282532e-05	29
ampG	P0AE16	2.800138e-05	5
ampH	P0AD70	3.3161225e-05	20
amtB	P69681	1.83595e-05	4
amyA	P26612	8.703825e-05	29
anmK	P77570	8.454889e-05	21
ansA	P0A962	5.702874e-05	30
ansB	P00805	0.000791481	17
apaG	P62672	4.3654165000000004e-05	20
apaH	P05637	5.595254e-05	30
aphA	P0AE22	5.5314805e-05	26
appA	P07102	8.1325025e-06	28
appC	P26459	9.8384285e-05	4
apt	P69503	0.00025669894999999997	30
araA	P08202	5.091989e-05	9
araB	P08204	2.589147e-05	9
araC	P0A9E0	4.295683e-05	7
araF	P02924	8.5559775e-07	22
araG	P0AAF3	5.602605e-05	23
araH	P0AE26	3.7033665e-05	14
arcA	P0A9Q1	0.00098620025	30
arcB	P0AEC3	0.00018731679999999998	30
argA	P0A6C5	0.000434004	25
argB	P0A6C8	0.00047943495	30
argC	P11446	0.0002191808	25
argD	P18335	0.0011823505	28
argE	P23908	0.0003859189	30
argF	P06960	0.0002755984	29
argG	P0A6E4	0.0022697435	30
argH	P11447	0.00065049795	30
argI	P04391	0.0005115174	27
argP	P0A8S1	0.00012725295	30
argR	P0A6D0	0.0001222882	30
argS	P11875	0.0005436466500000001	30
argT	P09551	0.0005964059	29
arnA	P77398	0.0001507461	27
arnB	P77690	0.0004293263	18
arnC	P77757	0.0001203371	17
arnD	P76472	8.188525e-06	13
aroA	P0A6D3	0.00037128745000000003	30
aroB	P07639	0.00013522289999999998	30
aroC	P12008	0.00036835454999999996	30
aroD	P05194	8.194549e-05	30
aroE	P15770	8.043474e-05	30
aroF	P00888	0.000341193	27
aroG	P0AB91	0.0010258475	30
aroH	P00887	0.0001141704	30
aroK	P0A6D7	0.0003941424	30
aroL	P0A6E1	5.7908944999999993e-05	30
aroP	P15993	0.0003682886	25
arsC	P0AB96	1.598298e-05	21
artI	P30859	0.0005144171	30
artJ	P30860	0.001154203	30
artM	P0AE30	1.4590075e-05	12
artP	P0AAF6	9.754339e-05	30
artQ	P0AE34	2.00394e-05	26
asd	P0A9Q9	0.00185584	30
asmA	P28249	5.0146965e-05	30
asnA	P00963	0.0002280749	30
asnB	P22106	0.0004134023	30
asnC	P0ACI6	2.209275e-05	29
asnS	P0A8M0	0.001069014	30
aspA	P0AC38	0.00013758215	30
aspC	P00509	0.002558301	30
aspS	P21889	0.0015202115	30
astA	P0AE37	4.2098685e-05	16
astB	P76216	5.572531e-05	19
astC	P77581	0.0003668259	25
astD	P76217	6.858255e-05	22
astE	P76215	1.602861e-05	19
atoC	Q06065	1.981211e-05	13
atpA	P0ABB0	0.0040724025	30
atpB	P0AB98	8.18859e-05	30
atpC	P0A6E6	0.0006538424000000001	30
atpD	P0ABB4	0.0028121605	30
atpE	P68699	0.0018359639999999998	30
atpF	P0ABA0	0.00074466945	30
atpG	P0ABA6	0.0008357896	30
atpH	P0ABA4	0.0004115508	30
avtA	P09053	0.0003548697	29
azoR	P41407	8.528005e-05	30
baeR	P69228	3.6622600000000004e-05	30
baeS	P30847	1.8004475e-05	12
bamA	P0A940	0.001822359	30
bamB	P77774	0.00044019765000000003	30
bamC	P0A903	0.0003843412	30
bamD	P0AC02	0.00043044055	30
bamE	P0A937	0.0001318644	30
barA	P0AEC5	1.9594765000000002e-05	30
basR	P30843	9.9065715e-05	28
basS	P30844	0.0003973332	16
bax	P27297	6.4881025e-05	4
bcp	P0AE52	0.0005887427	30
bcsB	P37652	7.473342e-05	28
bcsC	P37650	1.39705e-05	23
bcsE	P37657	5.407382e-05	9
bcsG	P37659	2.457279e-05	29
bcsZ	P37651	2.8455489999999998e-05	4
bdcR	P39334	1.434791e-05	28
bepA	P66948	0.000147033	30
betA	P17444	4.097461e-05	13
betB	P17445	0.0001124281	30
betT	P0ABC9	0.0001040804	15
bfr	P0ABD3	0.0002286185	29
bglA	Q46829	0.0002688943	30
bglX	P33363	0.00017145624999999998	30
bhsA	P0AB40	7.199074e-06	10
bioA	P12995	4.8780220000000006e-05	24
bioB	P12996	0.0002437755	23
bioD	P13000	9.342772e-05	25
bioF	P12998	3.0827035000000004e-05	24
bioH	P13001	2.117605e-05	11
bipA	P32132	0.0013125839999999999	30
birA	P06709	2.2201710000000002e-05	30
bisC	P20099	6.0163895e-05	30
blc	P0A901	3.332321e-05	21
bluF	P75990	4.616707e-05	5
bluR	P75989	2.6688635000000003e-05	26
bolA	P0ABE2	0.0002085447	29
borD	P77330	0.001263781	29
brnQ	P0AD99	7.256132e-05	20
bsmA	P39297	1.826222e-05	9
btuB	P06129	0.00036336525	30
btuD	P06611	2.134767e-05	21
btuE	P06610	0.0001438795	30
btuR	P0A9H5	3.20606e-05	30
cadA	P0A9H3	6.194492e-05	4
can	P61517	0.0008224932	30
carA	P0A6F1	0.0009187162500000001	30
carB	P00968	0.0025861585	30
cbl	Q47083	5.146169e-05	19
cbpA	P36659	7.7988415e-05	30
cca	P06961	4.0981049999999996e-05	30
ccmE	P69490	1.996271e-05	23
ccmF	P33927	7.6084695e-05	12
ccmG	P0AA86	9.034978e-06	19
ccmH	P0ABM9	2.860967e-05	27
cdd	P0ABF6	9.535380000000001e-05	30
cdh	P06282	2.224555e-05	29
cdsA	P0ABG1	0.00013690685000000003	30
cedA	P0AE60	1.087984e-05	23
cfa	P0A9H7	0.0003202215	29
chaA	P31801	0.00030014095	22
chaB	P0AE63	3.8341455e-05	16
chbB	P69795	8.081547e-06	29
cheA	P07363	0.0006386155	18
cheB	P07330	0.0001444349	19
cheR	P07364	2.5431710000000003e-05	16
cheW	P0A964	0.00039425935	24
cheY	P0AE67	0.000247476	25
cheZ	P0A9H9	0.0003466471	17
chpB	P33647	6.824351e-06	3
cirA	P17315	3.22704e-05	27
clcB	P76175	3.3609855e-06	20
clpA	P0ABH9	0.001391156	30
clpB	P63284	0.001324328	30
clpP	P0A6G7	0.00027828855	30
clpX	P0A6H1	0.0006854751	30
clsA	P0A6H8	9.190890499999999e-05	30
cmk	P0A6I0	0.0001123695	30
cmoA	P76290	3.731764e-05	30
cmoB	P76291	4.3981349999999995e-05	30
cnu	P64467	1.090229e-05	30
coaA	P0A6I3	6.092167e-05	30
coaD	P0A6I6	2.3130784999999998e-05	30
coaE	P0A6I9	2.2501135000000003e-05	30
cobB	P75960	0.00012458804999999998	30
cobS	P36561	2.560085e-05	28
cobT	P36562	2.0915474999999998e-05	28
codA	P25524	0.00024545204999999997	30
codB	P0AA82	9.423404e-05	23
comR	P75952	6.0751e-05	7
copA	Q59385	0.0003480161	30
corA	P0ABI4	8.742053e-05	30
cpdA	P0AEW4	3.6373325e-05	30
cpdB	P08331	0.00013465365	30
cpoB	P45955	0.00033816485000000003	30
cpxA	P0AE82	4.842309e-05	30
cpxP	P0AE85	5.861811e-05	19
cpxR	P0AE88	0.00031753535	30
cra	P0ACP1	9.273250999999999e-05	30
creA	P0AE91	5.354882e-05	30
crl	P24251	0.00012551695	30
crp	P0ACJ8	0.00064588925	30
crr	P69783	0.0018035045	30
csdA	Q46925	3.010714e-05	29
csdE	P0AGF2	2.195413e-05	29
csgC	P52107	3.62929144e-05	4
csgD	P52106	8.163003e-05	3
csgF	P0AE98	0.000157338	3
csiD	P76621	5.0596214999999996e-05	24
csiE	P54901	4.855659e-05	3
csiR	P37338	9.0647265e-06	6
cspA	P0A9X9	0.0001186885	29
cspB	P36995	5.3808635e-07	4
cspC	P0A9Y6	0.001998208	30
cspD	P0A968	0.0002094354	29
cspE	P0A972	0.0016057430000000002	30
cspG	P0A978	3.538894e-06	29
csrA	P69913	0.000199878	15
cstA	P15078	0.0003667675	27
cueO	P36649	0.0002772604	30
cueR	P0A9G4	2.1319975e-05	24
curA	P76113	0.000131102	29
cusA	P38054	5.240424e-06	27
cusB	P77239	3.662123e-06	9
cusC	P77211	1.534723e-06	9
cusF	P77214	7.050355e-06	9
cusR	P0ACZ8	9.33338e-06	30
cusS	P77485	7.328513e-06	17
cutA	P69488	1.9259040000000003e-05	10
cutC	P67826	5.4822685e-05	30
cvrA	P76007	2.4106595e-05	26
cyaA	P00936	0.0001038404	19
cyaY	P27838	0.0001160713	30
cycA	P0AAE0	0.00023630275000000001	30
cydA	P0ABJ9	0.00038199394999999996	30
cydB	P0ABK2	0.00029166209999999997	30
cydC	P23886	6.500461e-05	30
cydD	P29018	4.4984499999999996e-05	30
cyoA	P0ABJ1	0.0005685289	29
cyoB	P0ABI8	0.0008978762	29
cysA	P16676	0.0008749252	29
cysB	P0A9F3	0.00026331840000000004	30
cysC	P0A6J1	0.00012189235	30
cysD	P21156	0.0009377268	29
cysE	P0A9D4	0.00010243955	30
cysG	P0AEA8	6.053254e-05	30
cysH	P17854	0.0003899018	30
cysI	P17846	0.0008325725499999999	30
cysJ	P38038	0.0005740919	30
cysK	P0ABK5	0.0048348835	30
cysM	P16703	0.00017778965	30
cysN	P23845	0.0009997869	29
cysP	P16700	0.0004660183	30
cysQ	P22255	0.0001003642	30
cysS	P21888	0.000334222	30
cysW	P0AEB0	3.2853225e-05	16
cytR	P0ACN7	3.172921e-05	20
dacA	P0AEB2	0.00024637439999999997	30
dacB	P24228	5.763056e-05	28
dacC	P08506	0.00020572095	30
dacD	P33013	9.6882605e-07	30
dadA	P0A6J5	0.0001132804	30
dadX	P29012	7.005455e-05	28
dam	P0AEE8	2.4432040000000002e-05	26
damX	P11557	0.000290128	30
dapA	P0A6L2	0.00051283405	30
dapB	P04036	0.00033719779999999997	30
dapD	P0A9D8	0.0014556475000000002	30
dapE	P0AED7	8.3217505e-05	30
dapF	P0A6K1	5.5487205e-05	30
dbpA	P21693	2.683831e-05	21
dcd	P28248	0.0002377941	30
dcm	P0AED9	6.327105e-05	30
dcp	P24171	0.00032630915	30
dcrB	P0AEE1	0.00018001115	30
dctA	P0A830	2.7810865e-05	28
dcuA	P0ABN5	8.794274500000001e-05	30
dcuB	P0ABN9	0.0001782641	7
dcuR	P0AD01	2.4545185000000002e-05	18
dcyD	P76316	0.00014886895	30
ddlA	P0A6J8	0.00011124124999999999	30
ddlB	P07862	7.297755e-05	30
ddpA	P76128	3.215336e-05	27
ddpF	P77622	6.0221875000000005e-06	4
deaD	P0A9P6	0.0002406337	30
dedD	P09549	4.2503094999999996e-05	30
def	P0A6K3	0.00012655700000000001	30
degP	P0C0V0	0.0007894264	30
degQ	P39099	0.0001875831	30
degS	P0AEE3	2.8923785e-05	30
deoA	P07650	8.3922655e-05	30
deoB	P0A6K6	0.00031921749999999996	30
deoC	P0A6L0	0.00010679474999999999	30
deoD	P0ABP8	0.0005919936	30
deoR	P0ACK5	4.236798e-05	30
der	P0A6P5	0.0002374991	30
dfp	P0ABQ0	0.0001190699	30
dgcM	P77302	1.683446e-05	11
dgcQ	P76330	5.738971e-05	19
dgkA	P0ABN1	2.1507015e-05	30
dgoR	P31460	7.32991e-05	26
dgt	P15723	0.0001117286	27
dhaK	P76015	8.387843999999999e-05	30
dhaL	P76014	0.0001128961	29
dhaM	P37349	0.00010624265	30
diaA	P66817	3.1976455000000005e-05	30
dicA	P06966	2.623593e-05	29
dinI	P0ABR1	6.624602e-05	15
dinJ	Q47150	4.87072e-05	29
djlA	P31680	3.4881789999999995e-05	30
dkgA	Q46857	7.652432e-05	30
dkgB	P30863	3.064139e-05	30
dksA	P0ABS1	0.0006226825	30
dld	P06149	0.00048553325	30
dmlA	P76251	2.733917e-05	19
dmsA	P18775	0.0006220270500000001	8
dmsB	P18776	0.0001272622	9
dmsC	P18777	3.679827e-05	8
dmsD	P69853	3.283123e-05	30
dnaA	P03004	0.0001359984	30
dnaB	P0ACB0	6.379464000000001e-05	30
dnaC	P0AEF0	1.7095774999999998e-05	30
dnaE	P10443	0.0001062729	25
dnaG	P0ABS5	3.2934295e-05	30
dnaJ	P08622	0.00042557960000000003	30
dnaK	P0A6Y8	0.006926396499999999	30
dnaN	P0A988	0.00017545130000000002	30
dnaQ	P03007	5.242693e-05	21
dnaT	P0A8J2	1.1290725e-05	30
dnaX	P06710	9.205783000000001e-05	30
dosC	P0AA89	1.858398e-05	21
dppA	P23847	0.0034417235	30
dppB	P0AEF8	7.181811e-05	29
dppC	P0AEG1	7.309062e-05	9
dppD	P0AAG0	0.000141896	30
dppF	P37313	0.0001143267	29
dps	P0ABT2	0.0005208429	30
dsbA	P0AEG4	0.00023197885	30
dsbB	P0A6M2	6.048204e-05	30
dsbC	P0AEG6	0.00011787365	30
dsbD	P36655	8.322928e-05	9
dsbG	P77202	7.557755499999999e-05	30
dsdA	P00926	3.034804e-05	29
dtd	P0A6M4	0.0001625171	24
dtpA	P77304	7.352662e-05	9
dusA	P32695	5.3818025e-05	30
dusB	P0ABT5	2.034588e-05	11
dut	P06968	0.0001515181	30
dxr	P45568	5.7052320000000004e-05	30
dxs	P77488	0.00016010895	30
ebgR	P06846	1.373735e-05	30
ecnB	P0ADB7	0.00031313654999999996	30
eco	P23827	2.3336005000000002e-05	30
eda	P0A955	0.0003800318	30
edd	P0ADF6	7.602535e-05	29
efeO	P0AB24	5.564481e-05	30
efp	P0A6N4	0.0004883844	30
elaA	P0AEH3	1.764256e-05	30
elaB	P0AEH5	0.00042268715	30
elaD	Q47013	7.814897e-06	19
elbB	P0ABU5	0.00019867380000000002	30
elyC	P0AB01	1.769197e-05	24
emrA	P27303	8.630158e-05	30
emtA	P0C960	5.74294e-05	29
eno	P0A6P9	0.0077144325	30
entA	P15047	4.130609e-06	29
entB	P0ADI4	8.6130125e-06	26
entC	P0AEJ2	2.2028515000000002e-05	18
entE	P10378	8.068313499999999e-06	28
entF	P11454	5.958402e-06	29
entH	P0A8Y8	1.455641e-05	10
envC	P37690	3.4495604999999996e-05	30
envZ	P0AEJ4	4.5279475e-05	26
epd	P0A9B6	0.0001426644	30
epmA	P0A8N7	1.4246595e-05	26
epmB	P39280	3.1438355e-05	26
eptA	P30845	0.0001624347	16
eptC	P0CB39	0.0003873797	30
era	P06616	0.0001626884	30
erpA	P0ACC3	0.00039293635	30
ettA	P0A9W3	0.0007711145	30
eutB	P0AEJ6	3.9633085000000004e-05	30
eutC	P19636	1.94694e-05	29
eutL	P76541	2.194171e-05	29
eutM	P0ABF4	1.8317875e-05	28
evgA	P0ACZ4	0.0004118666	27
exbB	P0ABU7	0.0001322603	29
exbD	P0ABV2	3.070382e-05	25
exoX	P0AEK0	1.9237485e-05	4
exuR	P0ACL2	3.0454905e-05	30
exuT	P0AA78	6.728318e-05	14
fabA	P0A6Q3	0.00054671255	30
fabB	P0A953	0.0014122524999999999	30
fabD	P0AAI9	0.00042339674999999997	30
fabF	P0AAI5	0.000482097	30
fabG	P0AEK2	0.0005743878500000001	30
fabH	P0A6R0	0.00035230069999999997	30
fabI	P0AEK4	0.0019815965	30
fabR	P0ACU5	3.966103e-05	30
fabZ	P0A6Q6	0.00031378045	30
fadA	P21151	2.321477e-05	29
fadB	P21177	9.698416e-05	29
fadD	P69451	8.90114e-05	30
fadE	Q47146	0.0001559911	29
fadH	P42593	0.00014534075	22
fadI	P76503	3.020672e-05	27
fadJ	P77399	0.00017888775	26
fadL	P10384	0.0003099323	30
fadM	P77712	2.739414e-05	8
fadR	P0A8V6	0.00011632750000000001	30
fbaA	P0AB71	0.0032351755	30
fbaB	P0A991	0.00037707785	30
fbp	P0A993	0.000162827	30
fdhD	P32177	2.542629e-05	23
fdhE	P13024	0.000105243155	30
fdnG	P24183	1.5785145e-05	6
fdnH	P0AAJ3	1.3967400000000001e-05	6
fdoG	P32176	9.982203e-05	11
fdoH	P0AAJ5	0.0001153226	9
fdx	P0A9R4	0.00010094659	30
feaB	P80668	5.974624e-05	12
fecA	P13036	5.038343e-05	15
fecR	P23485	2.906906e-05	7
feoA	P0AEL3	1.46401e-05	17
feoB	P33650	7.136339e-05	29
feoC	P64638	5.742868e-06	3
fepA	P05825	3.973522e-05	27
fepB	P0AEL6	2.0263005e-05	24
fepC	P23878	1.075965e-05	5
fes	P13039	3.639384e-05	9
fetA	P77279	2.3307505e-05	30
fetB	P77307	1.454212e-05	29
ffh	P0AGD7	0.00026138585	30
fhuA	P06971	0.00014868525	30
fhuC	P07821	3.962059e-06	22
fhuE	P16869	4.3346825e-05	18
fhuF	P39405	1.810237e-05	9
fic	P20605	2.105323e-05	27
fis	P0A6R3	0.0003922853	29
fiu	P75780	1.713546e-05	25
fklB	P0A9L3	0.0004813485	30
fkpA	P45523	0.0011742705	30
fkpB	P0AEM0	5.3912399999999996e-05	30
fldA	P61949	0.0007505457	30
fldB	P0ABY4	3.1113485e-05	28
flgA	P75933	2.0417645e-05	6
flgB	P0ABW9	6.54617e-05	11
flgC	P0ABX2	9.941718e-06	7
flgD	P75936	9.870617e-05	13
flgE	P75937	0.0002317443	17
flgF	P75938	4.9288170000000005e-05	12
flgG	P0ABX5	8.461204e-05	17
flgH	P0A6S0	7.178598e-05	23
flgI	P0A6S3	5.528533e-05	14
flgK	P33235	0.00021476349999999998	18
flgL	P29744	0.0003235686	20
flgM	P0AEM4	7.6170315e-05	24
flgN	P43533	3.805082e-05	14
flhA	P76298	0.00015959695	16
flhD	P0A8S9	2.1463345e-05	10
flhE	P76297	2.0509380000000003e-05	8
fliA	P0AEM6	0.0001621363	18
fliC	P04949	0.007956957	24
fliD	P24216	0.0003480917	17
fliF	P25798	0.0002620715	17
fliG	P0ABZ1	0.0001460737	19
fliH	P31068	4.257585e-05	15
fliI	P52612	0.0002205087	15
fliL	P0ABX8	0.0001013716	19
fliM	P06974	0.0002322414	17
fliN	P15070	0.0001104706	18
fliO	P22586	5.1833115000000005e-05	8
fliP	P0AC05	2.782535e-05	15
fliS	P26608	4.126949e-05	11
fliZ	P52627	3.9012765e-05	12
flk	P15286	1.860353e-05	25
flu	P39180	2.252406e-05	29
flxA	P77609	5.4055219999999995e-06	12
fmt	P23882	0.0001470972	30
fnr	P0A9E5	0.00040040375	30
focA	P0AC23	4.995468e-05	23
folA	P0ABQ4	6.7921225e-05	30
folC	P08192	0.00011415475	30
folD	P24186	0.00021410535	30
folE	P0A6T5	0.0007879061499999999	30
folK	P26281	1.2706165e-05	28
folM	P0AFS3	1.586712e-05	27
folP	P0AC13	7.2737045e-05	30
folX	P0AC19	0.00013303065	30
fpr	P28861	0.00022072235	30
frdA	P00363	0.000346774	30
frdB	P0AC47	7.9834485e-05	30
frdC	P0A8Q0	2.956089e-05	11
frdD	P0A8Q3	3.329336e-06	7
fre	P0AEN1	0.00012335	30
frlR	P45544	3.338802e-05	29
frmA	P25437	0.000424545	30
frmB	P51025	5.8319494999999996e-05	30
frmR	P0AAP3	2.736331e-05	30
frr	P0A805	0.0004699721	30
frsA	P04335	5.9240925e-05	30
fruA	P20966	6.7461265e-05	30
fruB	P69811	8.436182e-05	29
fruK	P0AEW9	4.409511e-05	30
fsaA	P78055	1.892362e-05	23
fsaB	P32669	1.0957165e-05	14
fsr	P52067	4.5765135e-05	20
ftnA	P0A998	0.00041688170000000004	30
ftnB	P0A9A2	4.1814615e-05	30
ftsA	P0ABH0	0.0001066174	30
ftsB	P0A6S5	1.640471e-05	26
ftsE	P0A9R7	6.3348655e-05	30
ftsH	P0AAI3	0.0005554249	30
ftsI	P0AD68	8.239883e-05	29
ftsK	P46889	0.000203799	28
ftsL	P0AEN4	7.669316e-06	27
ftsN	P29131	0.00010324485	30
ftsP	P26648	0.00019238405	30
ftsQ	P06136	4.730994e-05	27
ftsX	P0AC30	8.241790500000001e-05	30
ftsY	P10121	0.0002229477	30
ftsZ	P0A9A6	0.0012356295	30
fucI	P69922	0.00023595175000000002	14
fucO	P0A9S1	0.0002952259	29
fucR	P0ACK8	4.557699e-05	21
fucU	P0AEN8	0.00010572635000000001	30
fumA	P0AC33	0.001164291	30
fumB	P14407	1.5521225e-05	30
fumC	P05042	0.00028180255	30
fur	P0A9A9	0.00038484390000000004	30
fusA	P0A6M8	0.0064777365	30
fxsA	P37147	2.239617e-05	30
gabD	P25526	0.0001829128	30
gabT	P22256	0.00020054235000000002	30
gadA	P69908	0.0001146875	19
gadB	P69910	4.504225e-05	19
gadC	P63235	4.2329535e-05	14
galE	P09147	0.00021804135	30
galF	P0AAB6	1.251489e-05	11
galK	P0A6T3	0.00013251455	30
galM	P0A9C3	0.00030949605	30
galS	P25748	1.730217e-05	8
galT	P09148	7.625997e-05	30
galU	P0AEP3	0.0009605256	30
gapA	P0A9B2	0.011257485000000001	30
gapC_1	P33898	4.0622785e-05	30
garD	P39829	4.0833884999999994e-05	14
garK	P23524	5.75493e-05	5
garL	P23522	6.353088e-05	11
garR	P0ABQ2	5.215591e-05	21
gatR_1	P36930	2.499841e-05	27
gatY	P0C8J6	0.002751731	3
gcd	P15877	0.0001468176	30
gcl	P0AEP7	6.394722e-05	7
gcvA	P0A9F6	2.638638e-05	19
gcvH	P0A6T9	0.0004410384	29
gcvP	P33195	0.0006148714500000001	30
gcvR	P0A9I3	6.819310000000001e-05	30
gcvT	P27248	0.00023164595	30
gdhA	P00370	0.001325989	29
ggt	P18956	0.00071137885	14
ghrA	P75913	0.00015193554999999999	30
ghrB	P37666	0.00047034675	30
ghxP	P0AF52	0.0003252564	27
ghxQ	Q46817	2.9573845e-06	30
glcA	Q46839	0.00012854700000000001	6
glcB	P37330	0.00025560185	30
glcC	P0ACL5	4.012589e-05	23
glcD	P0AEP9	1.389584e-06	12
glcE	P52073	6.801297e-05	15
glcF	P52074	7.465022e-05	8
glcG	P0AEQ1	2.6574455e-05	30
gldA	P0A9S5	5.2892055000000005e-05	30
glgA	P0A6U8	0.0002022894	30
glgB	P07762	0.00028860225	30
glgC	P0A6V1	0.0002333798	30
glgP	P0AC86	0.00035066345	30
glgX	P15067	8.793817e-05	29
glk	P0A6V8	0.0002139452	30
glmM	P31120	0.00047962920000000004	30
glmS	P17169	0.0010900995	30
glmU	P0ACC7	0.0004995379	30
glnA	P0A9C5	0.003315063	30
glnB	P0A9Z1	0.00011815865	30
glnD	P27249	3.3551190000000004e-05	30
glnE	P30870	0.00010776359999999999	30
glnG	P0AFB8	4.6684215e-05	30
glnH	P0AEQ3	0.00084355005	30
glnK	P0AC55	1.3727035e-05	18
glnL	P0AFB5	1.88755e-05	29
glnP	P0AEQ6	7.130141500000001e-05	30
glnQ	P10346	0.0001101072	30
glnS	P00962	0.00066997485	30
gloA	P0AC81	0.0003560223	30
gloB	P0AC84	9.6237805e-05	30
gloC	P75849	0.0001447377	30
glpA	P0A9C0	6.27618e-05	11
glpB	P13033	5.675157e-05	6
glpC	P0A996	7.913311e-05	5
glpD	P13035	0.00022534735	30
glpF	P0AER0	2.548189e-05	12
glpG	P09391	2.9511145e-05	22
glpK	P0A6F3	0.00011066737	30
glpQ	P09394	0.00013913454999999998	18
glpR	P0ACL0	6.6163765e-05	30
glpT	P08194	0.00011743364999999999	14
glpX	P0A9C9	4.9873699999999997e-05	30
glrR	P0AFU4	3.3706435e-05	30
gltA	P0ABH7	0.0062526865	30
gltB	P09831	0.0024369165	30
gltD	P09832	0.0009967746	30
gltI	P37902	0.0019972615	30
gltJ	P0AER3	4.342501e-05	30
gltK	P0AER5	6.242451e-05	29
gltL	P0AAG3	0.00029198099999999997	30
gltX	P04805	0.00063488025	30
gluQ	P27305	8.111925e-06	24
glxK	P77364	2.913087e-05	4
glxR	P77161	7.8366875e-05	6
glyA	P0A825	0.004673582	30
glyQ	P00960	0.00023479114999999998	30
glyS	P00961	0.0010722135	30
gmhB	P63228	6.7836895e-05	30
gmk	P60546	7.760623e-05	30
gnd	P00350	0.0018851325	30
gnsA	P0AC92	8.826649e-05	30
gnsB	P77695	0.0002365654	29
gntK	P46859	3.485373e-05	11
gntR	P0ACP5	6.469087e-05	30
gntT	P39835	5.264126e-06	11
gor	P06715	0.00026174465	30
gph	P32662	6.5211605e-05	30
gpmA	P62707	0.0020638245000000003	30
gpmM	P37689	0.0007001437499999999	30
gpp	P25552	7.576735e-05	30
gpsA	P0A6S7	0.00010903215	30
gpt	P0A9M5	0.0002339237	30
grcA	P68066	0.0005005414	30
greA	P0A6W5	0.0001412952	30
greB	P30128	3.8489875000000004e-05	30
groL	P0A6F5	0.0036502310000000003	30
groS	P0A6F9	0.0019441755	30
grpE	P09372	0.00085729635	30
grxA	P68688	1.5144814999999999e-05	30
grxB	P0AC59	0.00046868785	30
grxC	P0AC62	0.00019676805000000001	30
grxD	P0AC69	0.00056071205	30
gshA	P0A6W9	0.00022272900000000002	30
gshB	P04425	0.0002369161	30
gsiA	P75796	0.00012118735	30
gsiB	P75797	0.00027493795	30
gsiC	P75798	6.0486555e-05	30
gsiD	P75799	2.0161279999999998e-05	22
gsk	P0AEW6	9.820587e-05	29
gss	P0AES0	0.00014880740000000001	30
gstA	P0A9D2	0.00021056365	30
gstB	P0ACA7	0.0002067848	30
guaA	P04079	0.0010993455	30
guaB	P0ADG7	0.001081956	30
guaC	P60560	0.000699809	30
gudD	P0AES2	3.053787e-05	26
gutQ	P17115	4.9435065e-05	30
gyrA	P0AES4	0.00072458735	30
gyrB	P0AES6	0.0008303596999999999	30
hchA	P31658	0.0002830695	30
hda	P69931	2.822831e-05	24
hdeA	P0AES9	0.0001199019	27
hdeB	P0AET2	7.084997e-05	23
hdeD	P0AET5	3.580464e-05	11
hdfR	P0A8R9	4.67557e-05	29
hdhA	P0AET8	0.00024178755	30
helD	P15038	7.7854985e-05	30
hemB	P0ACB2	0.00035947115000000004	30
hemC	P06983	0.00010475755	30
hemD	P09126	1.681372e-05	30
hemE	P29680	0.0001481536	30
hemG	P0ACB4	4.593366e-05	30
hemH	P23871	0.0002102846	30
hemL	P23893	0.0005024358499999999	30
hemN	P32131	0.00019011595	30
hemX	P09127	0.00016843455	30
hemY	P0ACB7	0.00012158095	30
hflC	P0ABC3	0.0002221069	30
hflD	P25746	8.0627735e-05	30
hflK	P0ABC7	0.000355822	30
hflX	P25519	0.00017670290000000003	30
hfq	P0A6X3	0.00073651375	30
hha	P0ACE3	8.354767e-05	27
higA	P67701	9.695215e-06	11
hinT	P0ACE7	0.0002221375	30
hisA	P10371	0.0001600305	30
hisB	P06987	0.00027950955	30
hisC	P06986	0.00033037249999999995	30
hisD	P06988	0.00038964125	30
hisF	P60664	0.00022607295	30
hisG	P60757	0.00042457810000000003	30
hisH	P60595	0.0001429761	30
hisI	P06989	0.00058592375	30
hisJ	P0AEU0	0.0016061505	30
hisM	P0AEU3	3.778828e-05	25
hisP	P07109	0.0002051038	29
hisQ	P52094	3.645415e-05	28
hisS	P60906	0.00043587975	30
hlyE	P77335	2.7421795000000002e-05	6
hmp	P24232	7.708811e-05	29
hns	P0ACF8	0.006934844	30
holB	P28631	2.794254e-05	16
holC	P28905	1.6101865e-05	24
holE	P0ABS8	3.48557e-05	26
hpf	P0AFX0	0.00029007825	30
hpt	P0A9M2	0.00014725725	30
hrpA	P43329	0.00016480005	30
hrpB	P37024	6.268849000000001e-06	10
hscA	P0A6Z1	0.00019220805	30
hscB	P0A6L9	6.9168675e-05	30
hsdM	P08957	0.0001587349	29
hsdR	P08956	0.0001250667	29
hsdS	P05719	7.0371505e-05	28
hslJ	P52644	2.445473e-05	30
hslO	P0A6Y5	0.00024649985000000003	30
hslR	P0ACG8	7.901881e-06	16
hslU	P0A6H5	0.0007590055	30
hslV	P0A7B8	0.0002004397	30
hspQ	P0AB20	2.264079e-05	23
htpG	P0A6Z3	0.0012141985	30
htpX	P23894	0.00015514975	30
htrL	P25666	1.7327279999999998e-05	24
hupA	P0ACF0	0.0024919475	30
hupB	P0ACF4	0.006405366500000001	30
hyaA	P69739	1.232173e-05	7
hyaB	P0ACD8	3.1303929999999997e-06	10
hybA	P0AAJ8	9.313664500000001e-05	8
hybB	P37180	2.98898e-05	10
hybC	P0ACE0	2.274171e-05	21
hybD	P37182	2.062611e-05	11
hybE	P0AAN1	2.051384e-05	11
hybO	P69741	0.0001542453	9
hycB	P0AAK1	1.664677e-05	3
hycE	P16431	0.0002580238	3
hycI	P0AEV9	9.907503e-06	29
hyfA	P23481	5.949755e-05	30
hyfG	P77329	0.0001082142	3
hyfR	P71229	0.00086388185	24
hyi	P30147	1.9389535e-05	6
hypB	P0AAN3	3.173262e-05	28
hypD	P24192	5.4628714999999995e-05	12
hypE	P24193	2.65022e-05	19
iaaA	P37595	5.6568255e-05	30
iadA	P39377	9.222662499999999e-05	30
ibaG	P0A9W6	8.723029e-05	30
ibpA	P0C054	5.2321240000000006e-05	30
ibpB	P0C058	1.711959e-05	7
icd	P08200	0.016625265	30
iclR	P16528	8.217607499999999e-05	30
idnO	P0A9P9	2.813512e-05	9
ihfA	P0A6X7	0.00031015085	30
ihfB	P0A6Y1	0.00041958005000000004	30
ileS	P00956	0.001354128	30
ilvA	P04968	0.0005673821	29
ilvB	P08142	0.00071179805	28
ilvC	P05793	0.003683871	30
ilvD	P05791	0.0011523275	30
ilvE	P0AB80	0.00222358	30
ilvG_1	P00892	0.00043242085	28
ilvH	P00894	9.448778e-05	29
ilvI	P00893	0.00045083825000000004	30
ilvM	P0ADG1	9.011842e-05	27
ilvN	P0ADF8	0.00013785529999999998	30
ilvY	P05827	1.233807e-05	11
infA	P69222	0.00027523304999999996	30
infB	P0A705	0.0020331865	30
infC	P0A707	0.001540729	30
intA	P32053	1.812276e-05	25
intF	P71298	1.0963805e-05	10
iraP	P0AAN9	1.301598e-05	30
iscA	P0AAC8	0.00020171085	30
iscR	P0AGK8	0.0003395839	30
iscS	P0A6B7	0.00128003	30
iscU	P0ACD4	0.0007733335	30
iscX	P0C0L9	2.5862415e-05	14
ispA	P22939	5.5595745000000003e-05	30
ispB	P0AD57	9.7788135e-05	30
ispD	Q46893	2.2338395000000002e-05	30
ispE	P62615	2.937322e-05	30
ispF	P62617	5.2757415e-05	30
ispG	P62620	0.00019845064999999998	30
ispH	P62623	0.0001581315	30
ispU	P60472	5.513824e-05	21
ivy	P0AD59	0.0001277947	30
katE	P21179	0.0004049742	30
katG	P13029	0.0011603985	30
kbl	P0AB77	5.2659215e-05	30
kch	P31069	2.4363825e-05	28
kdgK	P37647	4.7356475e-05	30
kdgR	P76268	0.00017343175	30
kdpB	P03960	0.001015654	17
kdpC	P03961	5.520519e-05	11
kdpD	P21865	4.703169e-05	24
kdpE	P21866	2.754105e-05	29
kdsA	P0A715	0.00045905785	30
kdsB	P04951	0.00012995219999999998	30
kdsC	P0ABZ4	5.5209565e-05	30
kdsD	P45395	6.807454e-05	30
kefC	P03819	1.136887e-05	11
kefG	P0A756	6.78875e-06	26
kgtP	P0AEX3	0.0001511115	21
kup	P63183	2.5974374999999998e-05	26
lacI	P03023	3.548217e-05	29
lacZ	P00722	0.00015044601499999998	6
lamB	P02943	0.00024341075	20
lapA	P0ACV4	4.860351e-05	29
lapB	P0AB58	3.43529e-05	29
ldcA	P76008	9.306831e-05	30
ldcC	P52095	9.726015e-05	15
ldhA	P52643	0.000383117	30
ldtA	P39176	3.171616e-05	27
ldtB	P0AAX8	0.00027816669999999996	30
ldtC	P75954	3.691536e-05	19
ldtD	P22525	4.688555e-05	28
ldtE	P76193	9.288640500000001e-05	30
lepA	P60785	0.00042535785	30
lepB	P00803	0.0001300101	30
leuA	P09151	0.0014464075	28
leuB	P30125	0.000949782	29
leuC	P0A6A6	0.0014509745	30
leuD	P30126	0.0008967314	25
leuS	P07813	0.00099509685	30
lexA	P0A7C2	0.00015179145000000002	30
lhgO	P37339	2.285762e-05	15
ligA	P15042	0.0001295593	30
lipA	P60716	0.00027238130000000003	30
lipB	P60720	2.901325e-05	30
livF	P22731	0.0001872691	25
livG	P0A9S7	9.395265e-05	25
livH	P0AEX7	0.0003539633	23
livJ	P0AD96	0.002769659	30
livK	P04816	0.0004416154	27
livM	P22729	0.0001580908	24
lldD	P33232	0.0001039356	29
lldR	P0ACL7	9.067524e-06	3
lnt	P23930	2.069154e-05	30
loiP	P25894	5.7250835e-05	30
lolA	P61316	0.00013162835000000002	30
lolB	P61320	0.00010928715000000001	30
lolC	P0ADC3	5.7395679999999995e-05	30
lolD	P75957	6.9708665e-05	30
lolE	P75958	1.6145124999999997e-05	30
lon	P0A9M0	0.0010924139999999999	30
lpcA	P63224	0.00029295845	30
lpd	P0A9P0	0.010722205	30
lplA	P32099	5.9594605e-05	30
lpoA	P45464	0.00014485494999999998	30
lpoB	P0AB38	0.0001032637	30
lpp	P69776	0.029618525	30
lptA	P0ADV1	8.932233999999999e-05	30
lptB	P0A9V1	0.00011766614999999999	30
lptC	P0ADV9	1.8489635000000002e-05	30
lptD	P31554	0.00066890295	30
lptE	P0ADC1	7.799392000000001e-05	30
lptF	P0AF98	6.6908475e-05	30
lptG	P0ADC6	3.8089e-05	30
lpxA	P0A722	0.0001645794	30
lpxB	P10441	5.138167e-05	29
lpxC	P0A725	0.00036201675	30
lpxD	P21645	0.00022404465000000002	30
lpxK	P27300	3.109129e-05	29
lpxL	P0ACV0	2.218318e-05	22
lpxM	P24205	6.5858955e-05	30
lpxT	P76445	1.7662385e-05	26
lrhA	P36771	6.070399e-05	29
lrp	P0ACJ0	0.0009483131499999999	30
lsrB	P76142	5.3035035e-05	18
lsrF	P76143	9.8355965e-06	28
lsrG	P64461	7.2989775e-05	12
lsrK	P77432	6.9708075e-05	6
lsrR	P76141	5.243803e-05	15
ltaE	P75823	0.00015665785	30
luxS	P45578	0.00088945965	30
lysA	P00861	0.0003255255	28
lysC	P08660	0.0008141616999999999	30
lysP	P25737	0.0005587029	26
lysS	P0A8N3	0.00099334545	30
lysU	P0A8N5	4.706079e-05	30
maa	P77791	2.510087e-05	28
macA	P75830	2.604707e-05	29
macB	P75831	3.100711e-05	20
maeA	P26616	0.00040256195	30
maeB	P76558	0.00088581445	30
mak	P23917	8.711005e-05	30
malE	P0AEX9	0.00020035135	28
malF	P02916	0.0001206131	11
malG	P68183	0.0002664353	6
malI	P18811	1.9093234999999998e-05	16
malK	P68187	6.461426e-05	15
malM	P03841	0.0002042146	19
malP	P00490	0.0001708482	30
malQ	P15977	4.620851e-05	28
malS	P25718	2.875281e-05	7
malT	P06993	0.0001588168	27
malY	P23256	5.7950915e-05	30
malZ	P21517	2.4677605e-05	24
manA	P00946	0.00020340205	30
manX	P69797	0.00039485875000000003	30
manY	P69801	0.00039166595	6
manZ	P69805	0.0007290548000000001	30
map	P0AE18	0.00035737885	30
mazF	P0AE70	3.8396020000000004e-05	16
mazG	P0AEY3	9.2566145e-05	22
mcrB	P15005	4.002283e-05	26
mdaB	P0AEY5	3.962676e-05	29
mdh	P61889	0.0046880035	30
mdtA	P76397	1.925729e-05	29
mdtB	P76398	5.406834e-05	9
mdtE	P37636	2.940519e-05	25
mdtK	P37340	2.992663e-05	26
melA	P06720	0.0003381604	21
menB	P0ABU0	0.00024705745	30
menC	P29208	3.495409e-05	21
menD	P17109	6.140879e-05	14
menF	P38051	1.855135e-05	30
menI	P77781	3.217899e-05	29
mepA	P0C0T5	7.807886e-05	25
mepH	P76190	3.76487e-06	18
mepS	P0AFV4	0.000108021715	12
metA	P07623	0.0003865971	27
metB	P00935	0.00023856084999999998	30
metC	P06721	0.0004942201	30
metE	P25665	0.0226238	30
metF	P0AEZ1	0.0006585275000000001	24
metG	P00959	0.0011122005	30
metH	P13009	0.00054627195	30
metI	P31547	0.0001091235	27
metJ	P0A8U6	0.00015986294999999998	30
metK	P0A817	0.00217293	30
metL	P00562	0.0003487203	30
metN	P30750	0.00039257205	30
metQ	P28635	0.0026651640000000002	30
metR	P0A9F9	6.924236000000001e-05	24
mfd	P30958	0.0001125808	30
mglA	P0AAG8	6.48425e-05	27
mglB	P0AEE5	0.0003953117	29
mglC	P23200	4.432881e-05	27
mgsA	P0A731	0.0001420314	30
mgtA	P0ABB8	5.252089e-05	20
mhpR	P77569	6.789531e-05	27
miaA	P16384	3.027502e-05	30
miaB	P0AEI1	0.000420869	29
minC	P18196	0.0001042757	30
minD	P0AEZ3	0.0005912404	30
minE	P0A734	0.0001542221	30
mioC	P03817	7.4762635e-05	30
mipA	P0A908	0.00090491295	30
mlaA	P76506	0.00013499509999999998	30
mlaB	P64602	2.8608355e-05	30
mlaC	P0ADV7	0.0003317112	30
mlaD	P64604	6.5236985e-05	30
mlaE	P64606	6.993962e-05	30
mlaF	P63386	4.5110750000000005e-05	30
mlc	P50456	8.665564000000001e-05	30
mliC	P28224	5.823626000000001e-06	12
mltA	P0A935	0.0001005679	29
mltC	P0C066	3.057045e-05	29
mltG	P28306	2.652477e-05	29
mmuM	Q47690	5.476301e-05	29
mmuP	Q47689	0.0001161338	17
mnaT	P76112	2.478702e-05	26
mngR	P13669	1.361465e-05	11
mnmA	P25745	0.0001646153	30
mnmE	P25522	7.3705635e-05	30
mnmG	P0A6U3	0.0001845929	30
mntR	P0A9F1	2.9291085e-05	30
moaB	P0AEZ9	0.00018328179999999998	30
moaC	P0A738	4.7221689999999995e-05	30
moaD	P30748	4.4310455e-05	30
moaE	P30749	4.7256735e-05	30
mobA	P32173	1.654406e-05	29
mobB	P32125	1.323715e-05	29
modA	P37329	9.522459000000001e-05	30
modC	P09833	8.321809e-06	27
modE	P0A9G8	2.221346e-05	30
modF	P31060	0.00011532945	30
moeA	P12281	0.0001603172	30
moeB	P12282	1.851337e-05	29
mog	P0AF03	4.8206135e-05	30
motA	P09348	0.00016522485	14
motB	P0AF06	0.00012499595	14
mpl	P37773	0.00021073605	30
mppA	P77348	9.786854e-05	30
mprA	P0ACR9	0.0003940537	30
mqo	P33940	0.00021957135	12
mqsA	Q46864	1.231333e-05	23
mraY	P0A6W3	5.2443275e-05	30
mraZ	P22186	1.8101985e-05	22
mrcA	P02918	6.7120715e-05	30
mrcB	P02919	6.9989685e-05	30
mrdA	P0AD65	1.530294e-05	26
mrdB	P0ABG7	2.1591650000000002e-05	30
mreB	P0A9X4	0.0005153754499999999	30
mreC	P16926	3.657121e-05	30
mrp	P0AF08	0.00038753755	30
mrr	P24202	0.00011806335	28
msbA	P60752	5.022209e-05	30
mscK	P77338	0.00011723295	30
mscL	P0A742	0.0001674509	30
mscM	P39285	7.007078499999999e-05	26
mscS	P0C0S1	0.0002144284	30
msrA	P0A744	0.00010226723	30
msrB	P0A746	0.00024656125	30
msrC	P76270	0.0001573562	30
msrP	P76342	3.346843e-05	18
msyB	P25738	0.00036431615	30
mtfA	P76346	4.6659465e-05	30
mtlA	P00550	5.3267855e-05	30
mtlD	P09424	8.793224999999999e-05	30
mtlR	P0AF10	1.410237e-05	13
mtn	P0AF12	0.00036615785	30
mtr	P0AAD2	4.683175e-05	5
mug	P0A9H1	6.4053075e-05	30
mukB	P22523	0.00043069875	30
mukE	P22524	3.8721355e-05	30
mukF	P60293	6.917704e-05	30
murA	P0A749	0.0003416694	30
murB	P08373	4.6389695e-05	30
murC	P17952	0.0001767623	30
murD	P14900	0.00013408540000000002	30
murE	P22188	0.00010192059999999999	30
murF	P11880	0.00017514785	30
murG	P17443	0.0001031327	30
murI	P22634	5.4405744999999996e-05	30
murP	P77272	2.020728e-05	20
mutL	P23367	2.957181e-05	28
mutM	P05523	3.1594445e-05	22
mutS	P23909	0.00014867344999999998	30
mutT	P08337	1.2608289999999999e-05	26
mutY	P17802	7.920857e-06	6
nadA	P11458	0.0002287339	25
nadB	P10902	9.706622e-05	25
nadC	P30011	9.9431205e-05	30
nadD	P0A752	1.4895055e-05	30
nadE	P18843	0.000368729	30
nadK	P0A7B3	3.338581e-05	17
nadR	P27278	0.00011243359999999999	30
nagA	P0AF18	7.217573e-05	30
nagB	P0A759	0.000151211	30
nagC	P0AF20	9.489865e-05	30
nagE	P09323	0.0001457525	30
nagK	P75959	3.658545e-05	30
nagZ	P75949	6.780476e-05	30
nanA	P0A6L4	2.861838e-05	25
nanC	P69856	3.5288905e-06	4
nanE	P0A761	2.0036375000000002e-05	22
nanK	P45425	1.040491e-05	19
nanM	P39371	3.1542615e-05	6
nanR	P0A8W0	5.4660155e-05	30
nanT	P41036	4.7824435000000005e-05	10
napA	P33937	4.374883e-05	26
narG	P09152	1.170637e-05	14
narH	P11349	9.4008645e-05	12
narI	P11350	7.880311e-05	6
narL	P0AF28	0.00018204134999999998	30
narP	P31802	6.203612e-05	30
narX	P0AFA2	4.5165825e-05	16
narY	P19318	0.0003083044	11
narZ	P19319	9.502964e-06	12
ndh	P00393	0.0002732298	30
ndk	P0A763	0.001254678	30
nei	P50465	5.214392e-06	24
nemA	P77258	6.400673000000001e-05	30
nfi	P68739	2.93462e-05	30
nfo	P0A6C1	0.00012816340000000001	30
nfrA	P31600	2.365968e-05	19
nfsA	P17117	7.48662e-05	30
nfsB	P38489	0.00038636575	30
nfuA	P63020	0.00066589345	30
nhaA	P13738	1.8719575e-05	24
nhaB	P0AFA7	9.724899500000001e-05	30
nikA	P33590	0.0001449591	13
nikB	P33591	3.001363e-05	3
nikD	P33593	2.550976e-05	7
nikE	P33594	2.9040069999999998e-05	6
nikR	P0A6Z6	4.064362e-05	30
nirB	P08201	0.0001498246	9
nirD	P0A9I8	9.676801e-06	5
nlpA	P04846	0.0001817791	30
nlpD	P0ADA3	0.00025114145	30
nlpE	P40710	8.039218e-05	30
nlpI	P0AFB1	8.168406e-05	30
nmpC	P21420	0.01255457	29
nrdA	P00452	0.0005513044	30
nrdB	P69924	0.0002735778	30
nrdD	P28903	5.958142e-05	19
nrdE	P39452	1.220241e-05	17
nrdF	P37146	3.6283425e-05	14
nrdH	P0AC65	5.3068285e-05	8
nrdR	P0A8D0	4.5825679999999996e-05	30
nrfA	P0ABK9	0.00014244685	6
nrfB	P0ABL1	5.580692e-06	6
nsrR	P0AF63	1.727111e-05	30
nth	P0AB83	3.1122195e-05	30
nudC	P32664	3.8516655e-05	30
nudE	P45799	7.781949e-05	30
nudF	Q93K97	3.915916e-05	30
nudJ	P0AEI6	1.330486e-05	30
nudK	P37128	1.081471e-05	4
nudL	P43337	1.6852254999999998e-05	30
nuoA	P0AFC3	0.0001632062	30
nuoB	P0AFC7	0.00035550079999999997	30
nuoC	P33599	0.00065368625	30
nuoE	P0AFD1	0.00026524044999999997	30
nuoF	P31979	0.00049538395	30
nuoG	P33602	0.00090489305	30
nuoH	P0AFD4	0.0001606668	30
nuoI	P0AFD6	0.0001684271	30
nuoJ	P0AFE0	0.00030189925	30
nuoK	P0AFE4	0.000192817	30
nuoL	P33607	0.00044466395	30
nuoM	P0AFE8	0.00059948865	12
nuoN	P0AFF0	0.0014098234999999999	28
nupC	P0AFF2	0.00019867084999999999	30
nusA	P0AFF6	0.0010694135000000001	30
nusB	P0A780	0.0001595241	30
nusG	P0AFG0	0.0004381474	30
obgE	P42641	0.0001198754	30
ogt	P0AFH0	1.121707e-05	20
ompA	P0A910	0.01599389	30
ompC	P06996	0.0041831175	30
ompF	P02931	0.006435548	30
ompN	P77747	1.3707180000000001e-07	30
ompR	P0AA16	0.0002675284	30
ompT	P09169	0.004020579	29
ompW	P0A915	4.7729810000000006e-05	30
ompX	P0A917	0.002059718	30
opgB	P39401	8.936375999999999e-05	24
opgD	P40120	0.00013066955	30
opgG	P33136	0.00041848595	30
opgH	P62517	0.0001505748	30
oppA	P23843	0.0021461600000000003	30
oppB	P0AFH2	3.342195e-05	30
oppC	P0AFH6	4.651915e-05	29
oppD	P76027	0.0001542513	30
oppF	P77737	3.127661e-05	30
orn	P0A784	0.00011075325	30
osmB	P0ADA7	4.932351e-05	9
osmC	P0C0L2	0.000365615	30
osmE	P0ADB1	0.0006001642	30
osmF	P33362	6.597311e-05	29
osmY	P0AFH8	0.0003388086	30
otsA	P31677	1.541888e-05	29
otsB	P31678	2.32593e-05	19
oxyR	P0ACQ4	0.00019677615	30
paaJ	P0C7L2	7.162613e-06	9
paaK	P76085	3.8942599999999995e-05	10
paaX	P76086	4.5816575e-05	16
paaY	P77181	1.148573e-05	11
pabA	P00903	1.3310745000000001e-05	20
pabB	P05041	3.6602115e-05	28
pabC	P28305	1.154762e-05	23
pal	P0A912	0.001969194	30
panB	P31057	0.0004189354	30
panC	P31663	0.0003685101	30
panD	P0A790	0.0004142387	30
panE	P0A9J4	2.2759225e-05	30
panZ	P37613	1.642933e-05	29
paoB	P77324	1.080818e-05	5
parC	P0AFI2	0.00019083665	30
parE	P20083	0.0002864598	30
patA	P42588	0.0002627523	13
patD	P77674	0.00087504915	20
patZ	P76594	0.00017150775	18
pbpG	P0AFI5	3.38263e-05	17
pck	P22259	0.0012647560000000001	30
pcm	P0A7A5	2.5970795e-05	30
pcnB	P0ABF1	0.0001452893	30
pdeG	P75995	0.0002727922	15
pdeH	P37646	6.038901e-05	9
pdeK	P37649	5.0077305e-05	28
pdeL	P21514	7.126462e-05	21
pdeN	P76446	9.308192e-06	26
pdhR	P0ACL9	3.3041785000000005e-05	28
pdxA	P19624	2.53508e-05	30
pdxB	P05459	0.00012404275	30
pdxH	P0AFI7	7.524805e-05	30
pdxJ	P0A794	0.0002333437	30
pdxK	P40191	0.00015396485	30
pdxY	P77150	9.960997e-05	29
pepA	P68767	0.0004973359	30
pepB	P37095	0.00053488295	30
pepD	P15288	0.0006280983	30
pepE	P0A7C6	4.5788944999999994e-05	30
pepN	P04825	0.0012772970000000002	30
pepP	P15034	0.000286153	30
pepQ	P21165	0.0004530272	30
pepT	P29745	0.0001094999	30
pfkA	P0A796	0.00069958765	30
pfkB	P06999	0.00012536535000000001	30
pflA	P0A9N4	9.7784125e-05	30
pflB	P09373	0.0043885105	30
pgi	P0A6T1	0.0008678773	30
pgk	P0A799	0.0028830755	30
pgl	P52697	0.00047965575	30
pgm	P36938	0.0006592059	30
pgsA	P0ABF8	9.091463e-05	29
pheA	P0A9J8	0.00016689420000000002	30
pheP	P24207	5.908672e-06	30
pheS	P08312	0.0005640326	30
pheT	P07395	0.0010517155000000001	30
phnD	P16682	2.28301e-05	3
phnG	P16685	2.071208e-05	3
phnI	P16687	1.120844e-07	3
phnO	P16691	1.795695e-05	15
phnP	P16692	5.996156e-06	3
phoA	P00634	9.222234e-06	25
phoB	P0AFJ5	5.7980905e-05	30
phoE	P02932	1.042241e-05	13
phoH	P0A9K1	0.000337893	5
phoP	P23836	0.0003097236	30
phoQ	P23837	3.4580565e-05	30
phoR	P08400	1.053642e-05	5
phoU	P0A9K7	0.0001053024	30
pitA	P0AFJ7	0.00012439225	30
plaP	P0AA47	0.0004543487	18
pldA	P0A921	5.9462965e-05	30
pliG	P76002	0.00038550865	30
plsB	P0A7A7	0.0002510781	30
plsC	P26647	4.852173e-05	30
plsX	P27247	1.4234475e-05	30
pmbA	P0AFK0	0.00022819840000000001	30
pmrD	P37590	1.7902659999999998e-05	28
pncA	P21369	4.0791854999999995e-05	30
pncB	P18133	0.0001786531	27
pncC	P0A6G3	4.2802499999999995e-05	30
pnp	P05055	0.0027695849999999998	30
pntA	P07001	0.0019309215000000001	30
pntB	P0AB67	0.0012788545	30
pnuC	P0AFK2	0.0001018538	23
polA	P00582	0.00039696299999999996	30
potA	P69874	0.00012774195	30
potC	P0AFK6	6.527418e-05	13
potD	P0AFK9	0.0008982089	30
potF	P31133	0.0002364023	30
potG	P31134	5.3178225e-05	28
potH	P31135	2.1912105e-05	4
poxB	P07003	0.00017494245000000002	30
ppa	P0A7A9	0.001625957	30
ppc	P00864	0.0013669049999999999	30
ppiA	P0AFL3	0.00018191840000000002	30
ppiB	P23869	0.0009254218999999999	30
ppiC	P0A9L5	9.3400095e-05	30
ppiD	P0ADY1	0.0004136179	30
ppk	P0A7B1	0.00011369725000000001	30
ppsA	P23538	0.002131132	30
ppsR	P0A8A4	6.9348365e-05	30
pptA	P31992	4.2846125000000005e-05	28
ppx	P0AFL6	9.979581e-05	30
pqiB	P43671	4.239318e-05	30
pqqL	P31828	1.521839e-05	27
prc	P23865	0.00033252749999999995	30
preA	P25889	0.00013088435	8
preT	P76440	0.00012964627	12
prfA	P0A7I0	5.38906e-05	30
prfB	P07012	2.6505574999999997e-05	30
prfC	P0A7I4	0.0001886554	30
priA	P17888	3.7871089999999997e-05	30
priB	P07013	4.453301e-06	13
priC	P23862	9.880561e-06	16
prkB	P0AEX5	6.4883015e-05	30
prlC	P27298	0.0005212275499999999	30
prlF	P15373	2.7572855e-05	30
prmA	P0A8T1	0.00010052478500000001	30
prmB	P39199	0.00014927265	30
prmC	P0ACC1	1.029096e-05	15
proA	P07004	0.00022541504999999999	30
proB	P0A7B5	0.00014386595000000002	30
proC	P0A9L8	0.00024934554999999996	30
proP	P0C0L7	0.00025186044999999995	30
proQ	P45577	0.0003830619	30
proS	P16659	0.0008686291499999999	30
proV	P14175	0.0002742771	25
proW	P14176	0.00010007808999999999	14
proX	P0AFM2	0.0001226893	25
prpB	P77541	0.0002366489	13
prpC	P31660	0.0001755215	15
prpD	P77243	0.0001869567	19
prpE	P77495	7.1636055e-05	8
prs	P0A717	0.0014125515	30
psd	P0A8K1	0.00010875030000000001	30
psiF	P0AFM4	3.10612e-05	29
pspA	P0AFM6	9.078862e-05	30
pspB	P0AFM9	1.652826e-05	30
pspC	P0AFN2	1.1657994999999999e-05	26
pspE	P23857	7.994584e-05	30
pspF	P37344	1.12725e-05	27
pssA	P23830	0.0002058319	30
pstB	P0AAH0	0.0001097245	30
pstC	P0AGH8	1.407848e-05	3
pstS	P0AG82	0.00031450179999999996	30
psuG	P33025	8.8484065e-05	8
pta	P0A9M8	0.0012220245000000001	30
pth	P0A7D1	6.6154305e-05	30
ptrA	P05458	0.00011494025000000001	30
ptsG	P69786	0.00041516695	30
ptsH	P0AA04	0.00023588089999999998	30
ptsI	P08839	0.0016400185	30
ptsN	P69829	0.000180137	30
ptsP	P37177	0.00010352385	30
purA	P0A7D4	0.0013794515	30
purB	P0AB89	0.00089566325	30
purC	P0A7D7	0.0009125108999999999	30
purD	P15640	0.00052445205	30
purE	P0AG18	0.00017989445	30
purF	P0AG16	0.0010772455	30
purH	P15639	0.0008319738	30
purK	P09029	0.00018619165	30
purL	P15254	0.0012944995	30
purM	P08178	0.00088122925	30
purN	P08179	9.396737e-05	30
purR	P0ACP7	0.0003473969	30
purT	P33221	0.0004667764	29
purU	P37051	0.00033103255	30
putA	P09546	8.504266000000001e-05	30
putP	P07117	0.0001860058	28
puuA	P78061	0.0003048599	7
puuC	P23883	4.391621e-05	3
puuD	P76038	1.863371e-05	15
puuR	P0A9U6	2.276006e-05	29
pykA	P21599	0.0008786913999999999	30
pykF	P0AD61	0.0014605619999999999	30
pyrB	P0A786	0.00025871145	30
pyrC	P05020	0.00031173305	30
pyrD	P0A7E1	0.0001622663	30
pyrE	P0A7E3	5.5430045e-05	28
pyrF	P08244	0.00010750765	30
pyrG	P0A7E5	0.00077957815	30
pyrH	P0A7E9	0.00025693565	30
pyrI	P0A7F3	0.0001806201	30
qmcA	P0AA53	8.610614500000001e-05	30
qor	P28304	0.00014927885	30
qorB	P39315	1.1985435e-05	30
qseB	P52076	1.3875535e-05	28
queA	P0A7F9	7.265489e-05	29
queC	P77756	7.1006115e-05	30
queD	P65870	2.204766e-05	29
queE	P64554	3.5312665e-05	30
queF	Q46920	9.656844500000001e-05	30
racR	P76062	4.4563034999999996e-06	26
radA	P24554	6.497311000000001e-05	30
raiA	P0AD49	0.00065588645	30
rapA	P60240	0.00014639280000000002	30
rapZ	P0A894	0.0001881097	30
rarA	P0AAZ4	3.7940395e-05	30
ratA	P0AGL5	5.877347e-05	26
ratB	P52119	4.647887e-05	30
ravA	P31473	4.3542825e-05	30
rbbA	P37624	7.710218e-05	30
rbfA	P0A7G2	0.0001167908	30
rbn	P0A8V0	1.9836065e-05	24
rbsA	P04983	0.000109409	30
rbsB	P02925	0.0015501585	30
rbsC	P0AGI1	0.00037878559999999996	28
rbsD	P04982	9.347078e-05	30
rbsK	P0A9J6	0.00018813005000000002	30
rclA	P77212	1.953738e-05	26
rcnB	P64534	5.8803139999999995e-05	30
rcnR	P64530	3.99151e-05	16
rcsB	P0DMC7	0.00042628665	30
rcsC	P0DMC5	5.146758e-05	29
rcsD	P39838	0.0001150114	30
rcsF	P69411	0.00016504155	30
rdgB	P52061	9.3606375e-05	30
rdgC	P36767	0.00017318815	30
rdoA	P0C0K3	1.757531e-05	29
recA	P0A7G6	0.0008750583500000001	30
recG	P24230	7.06892e-05	29
recJ	P21893	4.743588e-05	29
recR	P0A7H6	2.2707495e-05	30
relA	P0AG20	0.0001221992	30
relB	P0C079	0.00010697914999999999	30
relE	P0C077	1.006209e-05	25
rep	P09980	4.909588e-05	27
rfaD	P67910	0.00058381525	30
rfaE	P76658	0.0002608619	30
rfaH	P0AFW0	1.876932e-05	29
rfbA	P37744	7.146815499999999e-05	28
rfe	P0AC78	0.00014161395	28
rffG	P27830	0.00015093915	30
rffH	P61887	4.219314e-05	29
rffM	P27836	4.0169595e-06	30
rffT	P56258	1.985338e-05	30
rhlB	P0A8J8	0.00031549560000000004	30
rhlE	P25888	2.727258e-05	28
rho	P0AG30	0.0009591267000000001	30
ribA	P0A7I7	0.00032875775	30
ribB	P0A7J0	5.0431615e-05	30
ribC	P0AFU8	0.00011810005	30
ribD	P25539	8.4214125e-05	30
ribE	P61714	0.0005454724	30
ribF	P0AG40	5.884417e-05	30
ridA	P0AF93	0.0005524022500000001	30
rihA	P41409	0.00016048735000000002	30
rihC	P22564	1.317565e-05	25
rimJ	P0A948	3.0284575e-05	30
rimL	P13857	5.303178e-05	30
rimM	P0A7X6	5.096769e-05	30
rimO	P0AEI4	0.0002024859	30
rimP	P0A8A8	0.0001610214	30
rlmA	P36999	4.4210835e-05	30
rlmB	P63177	0.0001018904	30
rlmD	P55135	3.736226e-05	29
rlmE	P0C0R7	8.1009115e-05	30
rlmF	P75782	3.9609595e-05	18
rlmG	P42596	3.16292e-05	30
rlmH	P0A8I8	1.991527e-05	29
rlmI	P75876	0.00018254645	30
rlmJ	P37634	5.176206e-05	30
rlmL	P75864	0.00014822895	30
rlmM	P0ADR6	8.212747500000001e-05	30
rlmN	P36979	0.00016814705000000002	30
rlpA	P10100	0.0001689757	30
rluB	P37765	0.0001783543	30
rluC	P0AA39	0.00011073225	30
rluD	P33643	9.5613815e-05	30
rluF	P32684	4.229337e-05	30
rmf	P0AFW2	0.02152534	15
rmuC	P0AG71	7.81998e-06	17
rna	P21338	7.609760500000001e-05	30
rnb	P30850	0.0009721373	30
rnc	P0A7Y0	0.0001209611	30
rnd	P09155	2.4765205e-05	30
rne	P21513	0.00093788925	30
rng	P0A9J0	0.00015878665	30
rnhA	P0A7Y4	3.244554e-05	25
rnhB	P10442	2.2544435e-06	18
rnk	P0AFW4	9.243987e-05	29
rnpA	P0A7Y8	4.6835365e-05	30
rnr	P21499	0.0004424671	30
rnt	P30014	4.075814e-05	30
rob	P0ACI0	8.5808485e-05	30
rodZ	P27434	0.00010010135	30
rof	P0AFW8	8.005667e-05	30
roxA	P27431	0.00014750395	30
rpe	P0AG07	0.0002157807	30
rph	P0CG19	0.00029573420000000004	28
rpiA	P0A7Z0	0.0004005733	30
rpiB	P37351	7.960146e-06	6
rpiR	P0ACS7	0.001307949	27
rplA	P0A7L0	0.0040879435	30
rplB	P60422	0.0026887605	30
rplC	P60438	0.003428637	30
rplD	P60723	0.0020109155	30
rplE	P62399	0.0023637635000000002	30
rplF	P0AG55	0.0019275245	30
rplI	P0A7R1	0.0027042175	30
rplJ	P0A7J3	0.00296584	30
rplK	P0A7J7	0.002255197	30
rplL	P0A7K2	0.0052348195	30
rplM	P0AA10	0.0020717440000000004	30
rplN	P0ADY3	0.0014923035000000001	30
rplO	P02413	0.001879413	30
rplP	P0ADY7	0.0016802935	30
rplQ	P0AG44	0.00217073	30
rplR	P0C018	0.0021541085	30
rplS	P0A7K6	0.0019330325	30
rplT	P0A7L3	0.0019975425000000003	30
rplU	P0AG48	0.0015876240000000002	30
rplV	P61175	0.001227381	30
rplW	P0ADZ0	0.0013232	30
rplX	P60624	0.00096605355	30
rplY	P68919	0.001065091	30
rpmA	P0A7L8	0.0036670575	30
rpmB	P0A7M2	0.001808776	30
rpmC	P0A7M6	0.0005671726999999999	30
rpmD	P0AG51	0.0007210507	30
rpmE	P0A7M9	0.0011382745	30
rpmF	P0A7N4	0.0015651530000000001	30
rpmG	P0A7N9	0.0031204945	30
rpmH	P0A7P5	0.001523215	30
rpmJ	P0A7Q6	0.001255863	27
rpoA	P0A7Z4	0.003029785	30
rpoB	P0A8V2	0.0037419510000000003	30
rpoC	P0A8T7	0.005425398	30
rpoD	P00579	0.001429639	30
rpoE	P0AGB6	7.982145499999999e-05	30
rpoH	P0AGB3	2.231941e-05	5
rpoN	P24255	0.00015507385	30
rpoS	P13445	6.382204e-05	23
rpoZ	P0A800	0.0005120662	30
rppH	P0A776	2.0512375000000002e-05	22
rpsA	P0AG67	0.0085547675	30
rpsB	P0A7V0	0.0024398805	30
rpsC	P0A7V3	0.0034798045	30
rpsD	P0A7V8	0.0045948759999999995	30
rpsE	P0A7W1	0.001797289	30
rpsF	P02358	0.003596588	30
rpsG	P02359	0.0030510795	30
rpsH	P0A7W7	0.0010606775	30
rpsI	P0A7X3	0.001697905	30
rpsJ	P0A7R5	0.0014654034999999998	30
rpsK	P0A7R9	0.001568461	30
rpsL	P0A7S3	0.0044015205000000005	30
rpsM	P0A7S9	0.002544498	30
rpsN	P0AG59	0.0020306315000000004	30
rpsO	P0ADZ4	0.0026673385	30
rpsP	P0A7T3	0.001237571	30
rpsQ	P0AG63	0.0018179435	30
rpsR	P0A7T7	0.0011524265	30
rpsS	P0A7U3	0.00113967	30
rpsT	P0A7U7	0.001633925	30
rpsU	P68679	0.0021687959999999997	30
rraA	P0A8R0	0.00027513715	30
rraB	P0AF90	0.0002671227	30
rsd	P0AFX4	2.354534e-05	29
rseA	P0AFX7	0.00021353545	30
rseB	P0AFX9	7.466750999999999e-05	30
rseP	P0AEH1	5.034845e-05	30
rsfS	P0AAT6	5.7928545e-05	30
rsgA	P39286	8.594660000000001e-05	30
rsmA	P06992	0.00011514810000000001	30
rsmB	P36929	5.601548e-05	30
rsmC	P39406	8.359550000000001e-05	30
rsmD	P0ADX9	2.154857e-05	30
rsmE	P0AGL7	4.4955429999999995e-05	30
rsmF	P76273	2.1654345e-05	22
rsmG	P0A6U5	1.5022785e-05	30
rsmH	P60390	7.579604e-05	30
rsmI	P67087	5.0695869999999995e-05	30
rsmJ	P68567	2.5975410000000003e-05	30
rspA	P38104	0.0001232771	16
rspB	P38105	1.0745775e-05	18
rssA	P0AFR0	2.968477e-05	25
rssB	P0AEV1	2.495155e-05	29
rstA	P52108	2.705483e-05	30
rsuA	P0AA43	6.720460500000001e-05	30
rsxB	P77223	1.419804e-05	14
rsxC	P77611	0.0001165857	25
rsxG	P77285	1.126987e-05	29
rutR	P0ACU2	7.5940565e-06	22
ruvA	P0A809	3.967946e-05	30
ruvB	P0A812	5.3022579999999995e-05	30
sad	P76149	4.6556160000000004e-05	30
sapA	Q47622	6.642456e-05	30
sapD	P0AAH4	9.827526e-05	29
sapF	P0AAH8	1.93423e-05	30
sbcB	P04995	6.740193e-05	30
sbcC	P13458	4.5766915e-05	30
sbcD	P0AG76	2.2592905e-05	22
sbmA	P0AFY6	1.6367185e-05	28
sbmC	P33012	1.7101045e-05	22
sbp	P0AG78	0.00015641260000000002	30
scpA	P27253	6.96738e-05	26
sdaA	P16095	2.8196675e-05	30
sdaB	P30744	0.0002596338	18
sdaC	P0AAD6	0.00018478975	28
sdhA	P0AC41	0.002366297	30
sdhB	P07014	0.0008825667	30
sdhC	P69054	0.0006862045	29
sdhD	P0AC44	0.0006793557	29
secA	P10408	0.00089810635	30
secB	P0AG86	0.0005800378000000001	30
secD	P0AG90	0.00031581835	30
secE	P0AG96	9.349926e-06	28
secF	P0AG93	0.00012738195	30
secG	P0AG99	0.000160328	30
secY	P0AGA2	0.0004549656	30
selA	P0A821	6.206626e-05	30
selB	P14081	0.00014434970000000002	30
selD	P16456	0.00020245674999999999	30
seqA	P0AFY8	0.00016794679999999998	30
serA	P0A9T0	0.0030463160000000003	30
serB	P0AGB0	8.809548000000001e-05	30
serC	P23721	0.001561934	30
serS	P0A8L1	0.00081210495	30
sfsA	P0A823	2.338281e-05	15
sgcB	P58035	6.851213e-06	4
sgcX	P39366	6.435771e-05	9
shiA	P76350	2.9517424999999998e-05	22
sixA	P76502	0.0001059869	24
skp	P0AEU7	0.0011827285	30
slmA	P0C093	8.375571e-05	29
slp	P37194	5.514032e-05	23
slt	P0AGC3	1.883672e-05	30
slyA	P0A8W2	0.00014345455	30
slyB	P0A905	0.00092481225	30
slyD	P0A9K9	0.001164231	30
slyX	P0A8R4	2.950779e-05	29
smpB	P0A832	0.00014611559999999998	30
smrB	P0A8B2	4.405659e-05	17
sodA	P00448	0.0024156795	30
sodB	P0AGD3	0.0018221094999999999	30
sodC	P0AGD1	4.88016e-05	28
sohB	P0AG14	0.00013264180000000002	30
solA	P40874	0.00024915365	30
speA	P21170	0.0008359682	30
speB	P60651	0.00024806044999999997	30
speC	P21169	7.804949e-05	29
speD	P0A7F6	0.0002797133	30
speE	P09158	0.0006559026000000001	30
speF	P24169	2.517247e-05	5
speG	P0A951	0.00011388225	30
spoT	P0AG24	0.00011152914999999999	30
sppA	P08395	3.0263384999999998e-05	30
spy	P77754	3.376592e-05	29
sra	P68191	0.0007776358	30
srlA	P56579	1.891005e-05	4
srlB	P05706	1.8641955e-06	12
srlD	P05707	5.233404e-05	11
srlE	P56580	9.217202e-05	3
srlR	P15082	1.8175115e-05	30
srmB	P21507	0.00017241215	30
ssb	P0AGE0	0.00049816745	30
sseA	P31142	0.00015034534999999998	30
sseB	P0AFZ1	5.6663375e-05	30
ssnA	Q46812	6.062111e-05	5
sspA	P0ACA3	0.00034512985	30
sspB	P0AFZ3	8.5079545e-05	30
sstT	P0AGE4	0.0002522647	27
ssuE	P80644	9.7001835e-06	4
sthA	P27306	0.0001829729	30
stpA	P0ACG1	0.0005624984	28
sucA	P0AFG3	0.00275929	30
sucB	P0AFG6	0.0031641925000000003	30
sucC	P0A836	0.0032715545	30
sucD	P0AGE9	0.0025321945000000004	30
sufB	P77522	4.208368e-05	29
sufC	P77499	5.4956215e-05	30
sufD	P77689	4.360136e-05	22
sufE	P76194	2.705934e-05	16
sufS	P77444	1.285121e-05	25
suhB	P0ADG4	0.0002746275	30
surA	P0ABZ6	0.0004887597	30
syd	P0A8U0	4.201486e-05	18
tabA	P0AF96	4.5494025000000004e-05	30
talA	P0A867	0.00022770830000000002	30
talB	P0A870	0.001669514	30
tam	P76145	4.769338e-05	26
tamA	P0ADE4	5.642803e-05	30
tamB	P39321	8.7842545e-05	30
tap	P07018	0.00117287	18
tar	P07017	1.98594e-05	19
tas	P0A9T4	0.00025548745000000003	30
tatA	P69428	0.0002345394	30
tatB	P69425	4.9103514999999996e-05	30
tatC	P69423	3.4111815e-05	30
tatD	P27859	9.51459e-06	27
tatE	P0A843	5.923515e-05	30
tauA	Q47537	7.8545665e-06	10
tbpA	P31550	0.00028662485	30
tcdA	Q46927	4.6540735e-05	28
tcyJ	P0AEM9	0.0017359049999999998	30
tcyL	P0AFT2	2.33221e-05	29
tcyN	P37774	9.415077e-05	30
tcyP	P77529	0.0004786516	30
tdcB	P0AGF6	3.3041854999999996e-05	12
tdcC	P0AAD8	1.135041e-05	22
tdcE	P42632	1.261723e-05	30
tdcF	P0AGL2	1.040174e-06	30
tdcG	P42630	2.3950629999999998e-06	28
tdh	P07913	5.1618495e-05	30
tdk	P23331	4.600007e-05	29
tehB	P25397	6.502891e-05	30
tesA	P0ADA1	3.2999435e-05	30
tesB	P0AGG2	6.0919065e-05	30
tgt	P0A847	0.000129543	30
thiC	P30136	0.0012453960000000002	26
thiD	P76422	0.0001699019	27
thiE	P30137	0.0002716772	27
thiF	P30138	0.00021323575	26
thiG	P30139	0.0004182966	25
thiH	P30140	0.0003580773	23
thiI	P77718	0.00024623435	30
thiL	P0AGG0	7.7845215e-05	30
thiM	P76423	0.0002242175	29
thiQ	P31548	2.265197e-05	27
thiS	O32583	4.385896e-05	21
thrA	P00561	0.001927066	30
thrB	P00547	0.0003565813	30
thrC	P00934	0.00082854875	30
thrS	P0A8M3	0.0014714255	30
thyA	P0A884	0.00015277045	30
tig	P0A850	0.003324288	30
tilS	P52097	4.758948e-05	21
tktA	P27302	0.0025433265	30
tktB	P33570	0.0001714693	30
tldD	P0AGG8	0.00013780014999999999	30
tmk	P0A720	3.824857e-05	30
tnaA	P0A853	2.318453e-05	18
tnaB	P23173	0.0003536623	4
tolA	P19934	4.124021e-05	30
tolB	P0A855	0.0010237175000000001	30
tolC	P02930	0.001478931	30
tolQ	P0ABU9	7.290811e-05	30
tolR	P0ABV6	2.145174e-05	30
tonB	P02929	3.559248e-05	27
topA	P06612	0.0003687801	30
topB	P14294	0.0001447623	30
tpiA	P0A858	0.001558978	30
tpx	P0A862	0.0027256815	30
treA	P13482	4.98575e-05	29
treB	P36672	2.544373e-06	21
treC	P28904	0.00017877225	8
treF	P62601	5.413023e-05	23
treR	P36673	3.1607785000000005e-05	30
trg	P05704	0.00028676625	16
trkA	P0AGI8	4.108908e-05	23
trmA	P23003	9.979678999999999e-05	30
trmD	P0A873	4.6579784999999996e-05	30
trmH	P0AGJ2	3.884732e-05	30
trmI	P0A8I5	9.611876e-05	30
trmJ	P0AE01	9.590655000000001e-05	30
trmL	P0AGJ7	1.02428695e-05	28
trmO	P28634	2.728656e-05	25
trpA	P0A877	0.0005344187500000001	30
trpB	P0A879	0.0007027994	30
trpC	P00909	0.00025349235000000003	30
trpD	P00904	0.0002299527	29
trpE	P00895	0.00033385515000000003	28
trpR	P0A881	4.9812585e-05	30
trpS	P00954	0.00076460785	30
truA	P07649	1.008633e-05	14
truB	P60340	6.549349e-05	30
truC	P0AA41	4.069752e-05	19
truD	Q57261	6.491016499999999e-05	30
trxA	P0AA25	0.0006373221	30
trxB	P0A9P4	0.00083825645	30
trxC	P0AGG4	6.770798000000001e-05	30
tsaB	P76256	6.2404145e-05	30
tsaC	P45748	6.745069e-05	30
tsaD	P05852	0.00019359664999999999	30
tsaE	P0AF67	2.1347585e-05	30
tsf	P0A6P1	0.0036006705	30
tsr	P02942	0.0014923945	18
tsx	P0A927	0.0005967944	30
ttcA	P76055	0.00011151555	30
tufA	P0CE47	0.01903768	30
tufB	P0CE48	0.019061155	30
tus	P16525	1.0747575e-05	22
tusA	P0A890	2.020566e-05	29
tusB	P45530	9.130628e-06	27
tusC	P45531	7.519703e-06	25
tusD	P45532	1.198368e-05	3
tusE	P0AB18	4.8736594999999996e-05	30
tyrA	P07023	8.8327835e-05	30
tyrB	P04693	0.00046031315	30
tyrR	P07604	0.0001445038	30
tyrS	P0AGJ9	0.0008750865	30
ubiA	P0AGK1	1.481921e-05	15
ubiB	P0A6A0	3.6377835e-05	30
ubiC	P26602	2.893171e-05	27
ubiD	P0AAB4	0.00015728904999999998	30
ubiE	P0A887	0.00024647549999999997	30
ubiF	P75728	0.00014096189999999998	30
ubiG	P17993	0.0001016854	30
ubiH	P25534	3.6127065e-05	30
ubiI	P25535	8.677174e-05	30
ubiJ	P0ADP7	3.198612e-05	19
ubiX	P0AG03	2.405237e-05	29
ucpA	P37440	5.7545409999999994e-05	30
udk	P0A8F4	6.785976500000001e-05	30
udp	P12758	0.0003724647	30
ugd	P76373	3.6170794999999996e-05	14
ugpA	P10905	8.352772e-05	29
ugpB	P0AG80	0.0001058563	29
ugpC	P10907	4.235511e-05	29
ugpQ	P10908	4.7317379999999994e-05	30
uhpA	P0AGA6	4.406129e-05	29
uhpB	P09835	2.89691e-05	16
uhpT	P0AGC0	5.9295765e-05	10
uidA	P05804	2.4198325e-05	10
uidR	P0ACT6	2.258796e-05	20
ulaD	P39304	1.60278e-05	11
ulaR	P0A9W0	2.917114e-05	26
umpG	P0A840	2.9298214999999998e-05	30
umpH	P0AF24	0.00012886685000000001	30
ung	P12295	9.5995095e-05	30
upp	P0A8F0	0.0005691733	30
usg	P08390	0.00025054609999999996	30
ushA	P07024	0.00024364595000000001	30
uspA	P0AED0	0.0035373115	30
uspD	P0AAB8	9.6256515e-05	30
uspE	P0AAC0	0.00023804425	30
uspF	P37903	9.3911615e-05	30
uspG	P39177	6.3792445e-05	30
uup	P43672	9.508787e-05	30
uvrA	P0A698	0.00018276585	30
uvrB	P0A8F8	8.6410695e-05	30
uvrC	P0A8G0	6.4353775e-05	30
uvrD	P03018	9.248107e-05	30
uvrY	P0AED5	8.4166575e-05	30
uxaA	P42604	1.8721939999999997e-05	24
uxaB	P0A6L7	8.349214e-05	20
uxaC	P0A8G3	9.10484e-05	29
uxuA	P24215	7.967301000000001e-05	30
uxuB	P39160	7.457587e-05	30
uxuR	P39161	5.2154965e-05	14
valS	P07118	0.001127996	30
waaA	P0AC75	4.834953e-05	29
waaB	P27127	5.737521e-05	27
waaC	P24173	3.3727325e-05	30
waaF	P37692	4.456018e-05	29
waaG	P25740	3.3518845e-05	28
waaJ	P27129	4.025033e-05	29
waaL	P27243	3.3291395e-05	4
waaO	P27128	1.6327155e-05	14
waaP	P25741	1.805251e-05	21
waaQ	P25742	4.07999e-05	29
waaS	P27126	2.0971654999999998e-05	20
waaU	P27242	4.355506e-05	29
waaY	P27240	2.1874135e-05	28
waaZ	P27241	4.8831979999999995e-05	22
wbbI	P37749	2.34842e-05	3
wecB	P27828	8.997097000000001e-05	30
wecC	P27829	5.403412e-05	30
wecE	P27833	8.093335e-05	30
wrbA	P0A8G6	0.00047655350000000006	30
wzzB	P76372	0.00024841595	30
wzzE	P0AG00	7.4651375e-05	30
xdhA	Q46799	2.324e-05	13
xdhB	Q46800	3.005268e-05	9
xdhD	Q46814	0.00018003380000000002	6
xerD	P0A8P8	3.6286335e-05	26
xseA	P04994	0.0001230425	23
xseB	P0A8G9	2.591242e-05	30
xthA	P09030	0.0001081979	30
xylA	P00944	2.4320225e-06	10
xylB	P09099	2.755642e-05	28
xylE	P0AGF4	5.911292e-06	3
xylF	P37387	8.122701e-05	15
xylG	P37388	2.012425e-05	3
xylH	P0AGI4	4.947082e-05	7
xylR	P0ACI3	1.613671e-05	21
yaaA	P0A8I3	7.410412e-05	30
yacC	P0AA95	1.8942904999999998e-05	28
yacG	P0A8H8	2.5655765e-05	30
yacL	P0A8E5	2.534978e-05	27
yadG	P36879	0.00014951905	30
yaeH	P62768	0.00019767225	30
yaeP	P0A8K5	3.143771e-05	23
yaeQ	P0AA97	3.130691e-05	29
yaeR	P52096	1.095947e-05	23
yafC	P30864	2.3947559999999998e-05	30
yafD	P0A8U2	8.112002e-05	25
yafJ	Q47147	4.4527255e-05	30
yafK	P0AA99	0.00011115975	16
yafV	Q47679	2.165933e-05	30
yagU	P0AAA1	0.00011728425	30
yahD	P77736	2.0409385e-05	6
yahG	P77221	1.378984e-05	3
yahJ	P77554	2.32439e-05	24
yahK	P75691	0.0004273013	30
yahO	P75694	9.8473635e-05	30
yaiA	P0AAN5	2.912767e-05	29
yaiE	P0C037	0.00016654545	30
yaiI	P0A8D3	1.462117e-05	30
yaiL	P51024	7.5646715e-05	30
yaiW	P77562	1.452606e-05	30
yajC	P0ADZ7	0.0016015455	30
yajD	P0AAQ2	3.9463545e-05	22
yajG	P0ADA5	0.00022711505	30
yajI	P46122	2.434092e-05	13
yajL	Q46948	5.2042505e-05	30
yajO	P77735	0.00010904702	30
yajQ	P0A8E7	0.0006050561	30
ybaA	P0AAQ6	2.9065735e-05	4
ybaB	P0A8B5	0.0003031843	30
ybaK	P0AAR3	5.0581589999999996e-05	30
ybaL	P39830	5.012973e-05	29
ybaQ	P0A9T6	2.3116395e-05	24
ybaS	P77454	2.47595e-05	7
ybaV	P0AAR8	1.21659e-05	13
ybaY	P77717	0.00025407775	30
ybbA	P0A9T8	9.159648e-06	30
ybbN	P77395	0.00053572325	30
ybbO	P0AFP4	3.267355e-05	28
ybcJ	P0AAS7	6.7787645e-05	30
ybdF	P0AAT2	8.006512e-06	25
ybdG	P0AAT4	3.90791e-05	26
ybdH	P45579	0.0001113358	26
ybdK	P77213	3.580345e-05	22
ybdL	P77806	8.047884e-05	23
ybdR	P77316	6.1573885e-05	10
ybdZ	P18393	1.178617e-05	5
ybeD	P0A8J4	0.0001256891	30
ybeL	P0AAT9	0.00026534225	30
ybeX	P0AE78	0.0001054839	30
ybeY	P0A898	4.715193e-05	30
ybeZ	P0A9K3	0.00014831920000000001	30
ybfF	P75736	4.1877750000000004e-05	30
ybgA	P24252	9.362475e-06	13
ybgI	P0AFP6	0.00033064974999999996	30
ybgJ	P0AAV4	5.520765e-05	30
ybgK	P75745	7.999151000000001e-05	30
ybgL	P75746	2.4858289999999998e-05	30
ybgS	P0AAV6	0.0001619927	21
ybhA	P21829	8.789710000000001e-05	28
ybhB	P12994	6.978352e-05	25
ybhC	P46130	0.00032650195	30
ybhF	P0A9U1	1.0197e-05	30
ybhG	P75777	2.4347295e-05	30
ybhK	P75767	1.912971e-05	29
ybhL	P0AAC4	9.9064115e-05	30
ybhP	P0AAW1	1.7299785e-05	16
ybiB	P30177	0.00018946434999999998	30
ybiC	P30178	0.0005289839499999999	30
ybiH	P0ACU0	8.7359685e-06	24
ybiJ	P0AAX3	5.317308e-05	17
ybiO	P75783	3.016275e-05	10
ybiT	P0A9U3	0.00021077200000000002	30
ybiU	P75791	2.471486e-05	17
ybiV	P75792	4.6609735e-05	30
ybiX	P75779	8.7021195e-06	10
ybjI	P75809	5.110867e-05	21
ybjL	P60869	5.531283e-05	19
ybjN	P0AAY6	7.32932e-05	29
ybjP	P75818	0.0001870028	30
ybjQ	P0A8C1	4.226851e-05	27
ybjS	P75821	3.841075e-05	29
ybjX	P75829	0.0001119942	29
ycaC	P21367	0.0001398667	29
ycaK	P43340	1.5656544999999998e-05	18
ycaO	P75838	0.00021036355	30
ycaP	P75839	3.76943e-05	7
ycaR	P0AAZ7	0.00013446455000000002	30
ycbJ	P0AB03	0.00011241395000000001	12
ycbK	P0AB06	0.0001869729	13
ycbX	P75863	6.431689e-05	30
ycbZ	P75867	0.0001803134	30
yccA	P0AAC6	0.0011643134999999999	26
yccF	P0AB12	2.6454805e-05	30
yccJ	P0AB14	0.00011422655	28
yccU	P75874	8.7792315e-05	30
yccX	P0AB65	1.376091e-05	30
ycdX	P75914	0.00010515749999999999	30
ycdY	P75915	0.0001587735	30
yceA	P24188	0.0005265444	16
yceB	P0AB26	4.165932e-05	30
yceD	P0AB28	0.00011085275	30
yceF	P0A729	6.001889e-05	30
yceH	P29217	0.00013263765000000002	30
yceI	P0A8X2	0.0002069517	30
yceM	P75931	3.448103e-05	30
ycfH	P0AFQ7	6.1446655e-05	30
ycfP	P0A8E1	0.00014759925	30
ycgB	P29013	0.0003184599	13
ycgL	P0AB43	7.751905999999999e-05	30
ycgM	P76004	0.00012558114999999999	30
ycgR	P76010	2.410822e-06	19
ychF	P0ABU2	0.0005945168500000001	30
ychH	P0AB49	2.6447195000000003e-06	8
ychJ	P37052	0.0001016826	30
ychN	P0AB52	0.00015558709999999998	30
yciA	P0A8Z0	2.9036655000000003e-05	30
yciC	P21365	4.7906860000000004e-05	30
yciE	P21363	2.979492e-05	21
yciF	P21362	4.676545e-05	16
yciG	P21361	1.1790839999999998e-06	20
yciH	P08245	4.1329700000000005e-05	28
yciI	P0AB55	0.00021667034999999998	30
yciK	P31808	6.55959e-05	30
yciN	P0AB61	5.3812829999999996e-05	30
yciO	P0AFR4	0.0001056855	30
yciT	P76034	0.00012513425	30
yciU	P0A8L7	4.4468019999999996e-05	30
yciV	P77766	1.3506685e-05	16
yciW	P76035	0.00016180535	26
yciZ	A5A614	1.433612e-05	21
ycjF	P0A8R7	2.810136e-05	30
ycjG	P51981	2.5268319999999998e-05	28
ycjW	P77615	2.680832e-05	26
ycjX	P76046	3.539025e-05	30
ycjY	P76049	2.307649e-05	13
ydaN	P64423	4.125797e-05	18
ydbC	P25906	4.7802299999999995e-05	30
ydbK	P52647	0.0002628432	30
ydbL	P76076	1.350182e-05	15
ydcF	P34209	0.00010832935	30
ydcH	P0ACW6	3.1040875e-05	22
ydcI	P77171	0.0002963509	28
ydcJ	P76097	7.3443485e-06	12
ydcL	P64451	0.00011794050000000001	30
ydcP	P76104	4.91459e-05	26
ydcS	P76108	0.000106948	19
ydcT	P77795	3.497203e-05	13
ydcY	P64455	0.0001670941	30
yddB	P31827	4.941226e-06	5
yddH	P76121	2.954608e-05	8
yddL	P77519	5.338081e-06	25
ydeI	P31130	0.0001409362	15
ydeJ	P31131	5.4849365000000005e-06	30
ydeN	P77318	8.229455e-06	23
ydfG	P39831	0.0005489117500000001	30
ydfH	P0ACM2	2.5590675e-05	26
ydfK	P76154	1.481201e-06	15
ydfZ	P64463	8.049269999999999e-06	30
ydgA	P77804	0.00029043935	30
ydgH	P76177	0.00074038015	30
ydgJ	P77376	7.389322e-05	27
ydhF	P76187	0.00020415395	30
ydhJ	P76185	1.429307e-05	22
ydhQ	P77552	0.0001579455	30
ydhR	P0ACX3	0.00015929925	30
ydhS	P77148	5.041654e-05	16
ydhV	P76192	0.00020489385	6
ydhZ	P0ACX5	3.9115140000000004e-05	30
ydiE	P0ACX9	8.533418000000001e-06	8
ydiH	P64476	0.0001074611	27
ydiJ	P77748	0.0004059839	30
ydiU	P77649	6.095833e-05	28
ydiZ	P64479	8.058296e-05	19
ydjA	P0ACY1	0.0001711567	30
ydjF	P77721	1.987958e-05	26
ydjY	P76220	1.586568e-05	17
yeaC	P76231	0.0003775432	19
yeaD	P39173	0.0003925647	30
yeaG	P0ACY3	0.00018310689999999997	30
yeaH	P76235	7.330272e-05	12
yeaK	P64483	5.5602285e-05	30
yeaO	P76243	7.678028e-05	29
yeaY	P0AA91	3.5858515e-05	30
yebC	P0A8A0	0.0005007337	30
yebE	P33218	2.114097e-05	29
yebF	P33219	0.0001943305	30
yebG	P0ACY9	2.832798e-05	29
yebK	P46118	2.929535e-05	29
yebO	P64499	3.144153e-05	23
yebT	P76272	4.046045e-05	30
yebV	P64503	0.00010029556499999999	18
yebY	P64506	5.399647e-05	30
yecA	P0AD05	5.9484555e-05	30
yecD	P0ADI7	5.1248799999999996e-05	30
yecF	P0AD07	1.413931e-05	25
yecJ	P0AD10	3.806356e-05	30
yecM	P52007	1.694184e-05	29
yecR	P76308	6.0811545e-06	14
yedD	P31063	0.0001614429	30
yedE	P31064	0.0002805669	29
yedF	P0AA31	6.0548835e-05	30
yedI	P46125	5.724578e-05	30
yedP	P76329	7.731811e-05	13
yedS_1	P76335	0.00013131815	30
yedV	P76339	2.319252e-05	3
yedX	P76341	3.4462155e-05	4
yeeD	P33014	0.00013110630000000002	28
yeeE	P33015	0.0003454177	17
yeeN	P0A8A2	0.0004107126	30
yeeX	P0A8M6	0.00046369935	30
yeeZ	P0AD12	9.515501e-05	30
yefM	P69346	3.2827895000000004e-05	30
yegD	P36928	3.5966309999999995e-05	28
yegH	P76389	8.597778e-06	15
yegP	P76402	8.798399e-05	27
yegQ	P76403	0.0001975718	30
yegS	P76407	1.196447e-05	11
yegU	P76418	1.405142e-05	19
yegW	P0ACM5	1.627747e-05	29
yehS	P33355	1.461513e-05	30
yehT	P0AFT5	5.7027455e-05	28
yehU	P0AD14	2.396264e-05	22
yeiE	P0ACR4	4.959043e-05	25
yeiG	P33018	0.00020340005	30
yeiP	P0A6N8	0.0001831984	30
yeiQ	P33029	1.4548264999999999e-05	20
yeiR	P33030	4.2578995e-05	30
yejF	P33916	2.1627805e-05	30
yejK	P33920	0.00012109060000000001	30
yejL	P0AD24	0.00012046585	30
yejM	P0AD27	8.590347e-05	30
yfaY	P77808	8.463584e-05	30
yfaZ	P76471	1.804337e-05	15
yfbR	P76491	4.092822e-05	29
yfbT	P77625	9.52863e-05	30
yfbU	P0A8W8	0.00023746565000000002	30
yfcD	P65556	0.00017508625	30
yfcE	P67095	8.180842999999999e-05	30
yfcF	P77544	5.313406e-05	29
yfcG	P77526	1.828587e-05	17
yfcH	P77775	6.081812e-05	30
yfcL	P64540	7.653203e-05	29
yfcZ	P0AD33	0.00010636405	30
yfdC	P37327	2.3766385e-05	6
yfdH	P77293	0.000231524	29
yfdI	P76507	0.0002514352	26
yfeH	P39836	6.046432e-06	13
yfeX	P76536	0.0003194202	29
yfeY	P76537	6.040264e-05	30
yffB	P24178	2.3567765e-05	30
yffS	P76550	7.70819e-05	29
yfgD	P76569	0.0001609372	30
yfgG	P64545	3.1030395e-05	26
yfgM	P76576	0.00013885120000000002	30
yfgO	P0AFI9	2.6804345e-05	14
yfhH	P37767	3.636343e-05	23
yfhM	P76578	6.1370335e-05	30
yfiB	P07021	2.876207e-05	13
yfiC	P31825	1.585585e-05	19
yfiF	P0AGJ5	0.0001959477	30
yfiH	P33644	2.25615e-05	29
yfiL	P11289	3.1195600000000003e-06	8
yfjD	P37908	3.248122e-05	29
ygaC	P0AD53	2.503748e-05	24
ygaM	P0ADQ7	0.0001649668	28
ygaP	P55734	1.5712965e-05	30
ygaU	P0ADE6	0.00012530820000000001	30
ygaV	P77295	2.02655e-06	23
ygbI	P52598	2.0534915e-05	16
ygdG	P38506	2.557252e-05	29
ygdH	P0ADR8	0.000227544	30
ygdI	P65292	6.164233e-05	29
ygdR	P65294	4.3801555e-05	30
ygeA	P03813	8.520116e-05	30
ygeR	Q46798	1.6657734999999997e-05	28
ygeV	Q46802	4.858996e-05	17
ygeW	Q46803	4.670141e-05	9
ygeY	P65807	7.2592745e-05	8
ygfB	P0A8C4	0.0001221021	30
ygfK	Q46811	0.0002136708	9
ygfM	P64557	3.697909e-05	5
ygfZ	P0ADE8	0.00034248915	30
yggE	P0ADS6	0.00016791145000000002	30
yggL	P38521	0.0016879565	30
yggN	P0ADS9	8.2260025e-05	30
yggS	P67080	5.0496845e-05	30
yggT	P64564	7.587604e-05	30
yggU	P52060	9.0572455e-06	30
yggX	P0A8P3	0.00017333835	30
yghA	P0AG84	6.469184e-05	24
yghB	P0AA60	1.137817e-05	21
yghG	Q46835	1.654702e-05	4
yghJ	P0CK95	5.570835e-05	7
yghU	Q46845	0.0001178156	30
yghZ	Q46851	9.306247999999999e-05	30
ygiB	P0ADT2	0.0005106317999999999	30
ygiC	P0ADT5	0.00020234365000000002	30
ygiF	P30871	0.00012830330000000002	30
ygiH	P60782	1.002723e-05	28
ygiM	P0ADT8	0.00012397735	30
ygiN	P0ADU2	0.00020431395000000002	30
ygiS	Q46863	6.224917e-05	16
ygiW	P0ADU5	9.926393e-05	30
ygjR	P42599	7.0447115e-05	18
yhaJ	P67660	7.444289e-05	29
yhbO	P45470	3.956281e-05	17
yhbS	P63417	2.3825570000000002e-05	30
yhbT	P64599	5.402288e-05	22
yhbV	P45475	3.71127e-05	5
yhbW	P0ADV5	0.00019000965	22
yhbY	P0AGK4	0.00016770419999999998	30
yhcB	P0ADW3	0.0002200851	30
yhcH	P45424	1.953547e-05	15
yhdE	P25536	3.6156845e-05	30
yhdH	P26646	0.000138672	30
yhdP	P46474	4.840222e-05	29
yheO	P64624	6.703263e-05	30
yheS	P63389	0.00012185245	30
yheU	P67624	5.4483614999999996e-05	26
yhfA	P0ADX1	0.00013895925	30
yhfG	P0ADX5	5.582669e-06	15
yhgF	P46837	0.0006056969000000001	30
yhhA	P0ADX7	1.977449e-05	24
yhhJ	P0AGH1	3.230755e-05	21
yhhM	P37615	1.596824e-05	29
yhhW	P46852	3.175445e-05	30
yhhX	P46853	0.00018644754999999998	30
yhhZ	P46855	0.0001502784	30
yhiI	P37626	6.056643e-05	30
yhiN	P37631	2.454166e-05	29
yhjA	P37197	0.0001254954	9
yhjD	P37642	3.2800949999999996e-05	30
yhjE	P37643	0.0008347211	22
yhjG	P37645	2.997389e-05	19
yhjJ	P37648	9.061473e-05	30
yiaD	P37665	3.7606615e-05	30
yiaF	P0ADK0	0.0001957504	30
yiaJ	P37671	3.614676e-05	27
yibF	P0ACA1	2.5520505e-05	30
yibL	P0ADK8	0.00012192915	30
yibN	P0AG27	0.0001108076	30
yibT	Q2M7R5	5.0398285e-05	30
yicC	P23839	0.00020482535000000002	30
yicH	P31433	9.0851075e-05	30
yicS	Q2M7X4	1.163146e-05	10
yidA	P0A8Y5	0.0001128559	30
yidC	P25714	0.0004773001	30
yidE	P60872	1.553822e-05	9
yidQ	P0ADM4	2.5617015e-05	30
yidR	P31455	3.397212e-05	30
yieE	P0ADM8	7.1521e-06	17
yieF	P0AGE6	0.00015830135	30
yieP	P31475	6.862565e-05	29
yifE	P0ADN2	0.00058059745	30
yifK	P27837	8.606059500000001e-05	30
yifL	P0ADN6	4.3588785e-05	30
yigA	P23305	2.8921760000000002e-05	26
yigB	P0ADP0	4.073378e-05	30
yigI	P0ADP2	8.819452e-05	29
yigL	P27848	5.875766e-05	30
yihA	P0A6P7	0.00011710090000000001	30
yihD	P0ADP9	0.0001655399	30
yihI	P0A8H6	0.00022670355	30
yihW	P32144	2.019105e-05	29
yihX	P0A8Y3	9.491990000000001e-05	30
yiiD	P0ADQ2	7.057934e-05	30
yiiM	P32157	4.9347165000000005e-05	30
yiiQ	P32160	3.6364585e-05	30
yiiS	P32162	6.7377535e-05	30
yjaG	P32680	8.270185499999999e-05	30
yjbB	P0AF43	1.834051e-05	23
yjbD	P32685	8.9311705e-05	30
yjbJ	P68206	0.0002336619	14
yjbQ	P0AF48	1.4683385e-05	28
yjbR	P0AF50	6.1242775e-05	30
yjcE	P32703	3.4538275e-05	26
yjcH	P0AF54	7.892025e-05	25
yjcO	P0AF56	4.024831e-05	25
yjcZ	P39267	8.232221e-05	16
yjdC	P0ACU7	8.539929000000001e-05	30
yjdI	P0AF59	1.2614399999999999e-05	10
yjdJ	P39274	6.73643e-06	9
yjdM	P0AFJ1	0.00016661764999999999	30
yjdN	P16681	3.251871e-05	17
yjeF	P31806	7.8490645e-05	30
yjeI	P0AF70	0.00038316385	30
yjfP	P39298	1.484063e-05	30
yjgA	P0A8X0	0.00010089484999999999	30
yjgM	P39337	1.111668e-05	24
yjgR	P39342	6.094062e-05	30
yjhC	P39353	0.00010125765500000001	26
yjhG	P39358	6.224449e-05	13
yjhP	P39367	3.0207565e-05	6
yjhU	P39356	3.670007e-05	30
yjiA	P24203	9.8855465e-05	30
yjiL	P39383	7.875131e-05	9
yjiM	P39384	0.0001396142	11
yjiN	P39385	9.539807e-06	7
yjiY	P39396	1.095387e-05	26
yjjA	P18390	5.1992395e-05	30
yjjI	P37342	0.0001166681	13
yjjJ	P39410	2.220416e-05	23
yjjU	P39407	5.484183e-05	16
yjjV	P39408	9.7568895e-06	26
yjjX	P39411	3.898526e-05	26
yjtD	P37005	3.979762e-05	29
ykfB	P77162	1.6451975000000003e-05	14
ykgE	P77252	7.977865e-07	15
ykgF	P77536	0.00010472255	12
ykgG	P77433	3.167537e-05	25
ykgM	P0A7N1	5.495466e-05	17
ylaC	P0AAS0	4.449628e-05	27
ymbA	P0AB10	2.7263159999999997e-05	30
ymdB	P0A8D6	3.35927e-05	29
ymdF	P56614	1.1531235000000001e-06	20
ymfE	P75968	4.1070359999999996e-05	8
ymfK	P75974	4.5724705e-05	28
ymfP	P75981	0.0006822734	29
ymgD	P0AB46	4.4934820000000004e-05	30
ymgG	Q7DFV3	3.4081245e-05	18
ymjA	P0ACV8	5.209911e-06	17
ynaE	P76073	1.477256e-06	15
ynaI	P0AEB5	5.596234e-05	23
ynbE	P64448	7.2606185e-06	28
yncD	P76115	4.695021e-05	7
yncE	P76116	0.00025409654999999996	30
yneH	P0A6W0	5.627542e-05	24
ynfB	P76170	0.00032064729999999996	30
ynfC	P67553	1.362957e-05	23
ynfD	P76172	0.00010636725	30
ynfE	P77374	0.00017541805	8
ynfF	P77783	0.0002773411	7
ynfG	P0AAJ1	0.00011135055	8
ynfH	P76173	3.643374e-05	8
ynfK	P0A6E9	1.644866e-05	29
ynfM	P43531	1.862492e-05	4
ynfO	Q2EES0	4.6167465e-06	16
yniA	P77739	5.5726194999999995e-05	30
yniB	P76208	5.280676e-05	7
yniC	P77247	6.9560835e-05	30
ynjB	P76223	3.364531e-05	30
ynjE	P78067	5.2439515e-05	30
ynjH	P76227	2.8163645e-05	16
yoaB	P0AEB7	0.0003213847	30
yoaC	P64490	3.746058e-05	19
yoaE	P0AEC0	4.9452565e-05	30
yobA	P0AA57	0.00018173849999999998	22
yobD	P67601	1.182716e-05	29
yodD	P64519	7.055788e-05	5
yohF	P33368	1.686339e-05	11
yojI	P33941	0.0001610968	11
ypdB	P0AE39	1.5651080000000002e-05	30
ypeA	P76539	2.398432e-05	30
ypfH	P76561	2.6164065e-05	24
ypfJ	P64429	8.462116499999999e-05	30
yphF	P77269	3.6736900000000004e-05	12
yphH	P76586	5.330465e-06	29
yqaB	P77475	2.2669095e-05	30
yqcA	P65367	4.6827745e-05	30
yqcC	Q46919	4.107584e-05	30
yqeF	Q46939	9.861722e-05	24
yqfB	P67603	7.5806235e-05	30
yqgE	P0A8W5	5.801366e-05	30
yqgF	P0A8I1	1.905469e-05	30
yqhA	P67244	6.942952e-05	27
yqhD	Q46856	0.0001325834	30
yqiA	P0A8Z7	1.458547e-05	3
yqiC	Q46868	0.00010426495	30
yqiK	P77306	1.010226e-05	4
yqjC	P42616	2.703747e-05	29
yqjD	P64581	0.0006330439	30
yqjE	P64585	0.0001547674	10
yqjG	P42620	4.830525e-05	25
yqjH	Q46871	5.008786e-05	30
yqjI	P64588	3.886867e-05	30
yqjK	Q47710	2.511838e-05	26
yraP	P64596	0.00013654245	30
yraQ	P45468	2.6878655e-05	14
yraR	P45469	1.317902e-05	30
yrbL	P64610	0.00012830555	12
yrdA	P0A9W9	0.00019289355	30
yrdD	P45771	8.412157500000001e-06	28
yrfF	P45800	8.581239e-05	30
ysgA	P56262	0.0001036875	29
ytfB	P39310	4.1849909999999995e-05	30
ytfJ	P39187	0.00017700730000000002	16
ytfL	P0AE45	6.0174244999999994e-05	28
ytfP	P0AE48	6.776001500000001e-05	30
ytfQ	P39325	2.697521e-05	30
ytjC	P0A7A2	7.7303105e-05	30
zapA	P0ADS2	7.150177e-05	30
zapB	P0AF36	0.00141836	29
zapD	P36680	0.00011048205	30
zapE	P64612	5.309708e-05	30
zinT	P76344	0.00037454855	22
zipA	P77173	5.670831e-05	30
zntA	P37617	1.175555e-05	30
zntR	P0ACS5	3.570093e-05	25
znuA	P39172	0.0007630538	30
znuC	P0A9X1	6.230109e-05	29
zur	P0AC51	1.7897724999999998e-05	28
zwf	P0AC53	0.000608227	30
