# Created from running fit_sim_data_1.py with the --optimize-trna-charging option, on Fri May 15 12:41:34 2026.
"Synthetase"	"k_cat (1/units.s)"	"K_A (units.umol/units.L)"	"K_T"	"f basal"	"f with_aa"
"ALAS-CPLX[c]"	423.3989945514098	1533.2371848059806	{"alaT-tRNA[c]": 13.075813490257005, "alaU-tRNA[c]": 13.075813490257005, "alaV-tRNA[c]": 13.075813490257005, "alaW-tRNA[c]": 3.8520619537961887, "alaX-tRNA[c]": 3.8520619537961887}	{"alaT-tRNA[c]": 0.22746645758896653, "alaU-tRNA[c]": 0.22746645758896653, "alaV-tRNA[c]": 0.22746645758896653, "alaW-tRNA[c]": 0.25075940161450655, "alaX-tRNA[c]": 0.25075940161450655}	{"alaT-tRNA[c]": 0.19582838877537012, "alaU-tRNA[c]": 0.19582838877537012, "alaV-tRNA[c]": 0.19582838877537012, "alaW-tRNA[c]": 0.24384141008258137, "alaX-tRNA[c]": 0.24384141008258137}
"ARGS-MONOMER[c]"	215.88154030292077	198.7334947702207	{"argQ-tRNA[c]": 8.72497114601515, "argU-tRNA[c]": 39.44535090643476, "argV-tRNA[c]": 8.72497114601515, "argW-tRNA[c]": 197.9519098485673, "argX-tRNA[c]": 34.81430174948142, "argY-tRNA[c]": 8.72497114601515, "argZ-tRNA[c]": 8.72497114601515}	{"argQ-tRNA[c]": 0.1284693966403112, "argU-tRNA[c]": 0.07194461184041959, "argV-tRNA[c]": 0.1284693966403112, "argW-tRNA[c]": 0.06264139920905579, "argX-tRNA[c]": 0.09869416720944785, "argY-tRNA[c]": 0.1284693966403112, "argZ-tRNA[c]": 0.1284693966403112}	{"argQ-tRNA[c]": 0.12182584307291658, "argU-tRNA[c]": 0.06502500589926521, "argV-tRNA[c]": 0.12182584307291658, "argW-tRNA[c]": 0.055930929060293996, "argX-tRNA[c]": 0.08844413472961754, "argY-tRNA[c]": 0.12182584307291658, "argZ-tRNA[c]": 0.12182584307291658}
"ASNS-CPLX[c]"	168.0583551401368	754.6862491367997	{"asnT-tRNA[c]": 12.039652709521611, "asnU-tRNA[c]": 12.039652709521611, "asnV-tRNA[c]": 12.039652709521611, "RNA0-304[c]": 12.039652709521611}	{"asnT-tRNA[c]": 0.25070405552627895, "asnU-tRNA[c]": 0.25070405552627895, "asnV-tRNA[c]": 0.25070405552627895, "RNA0-304[c]": 0.25070405552627895}	{"asnT-tRNA[c]": 0.2981165119238104, "asnU-tRNA[c]": 0.2981165119238104, "asnV-tRNA[c]": 0.2981165119238104, "RNA0-304[c]": 0.2981165119238104}
"ASPS-CPLX[c]"	408.4088145366413	1041.3515076386411	{"aspT-tRNA[c]": 11.701670431772962, "aspU-tRNA[c]": 11.701670431772962, "aspV-tRNA[c]": 11.701670431772962}	{"aspT-tRNA[c]": 0.15948250843874562, "aspU-tRNA[c]": 0.15948250843874562, "aspV-tRNA[c]": 0.15948250843874562}	{"aspT-tRNA[c]": 0.19159335768273508, "aspU-tRNA[c]": 0.19159335768273508, "aspV-tRNA[c]": 0.19159335768273508}
"CYSS-MONOMER[c]"	92.13136211679227	12.613118353528304	{"cysT-tRNA[c]": 13.124681053130091}	{"cysT-tRNA[c]": 0.16488522714594872}	{"cysT-tRNA[c]": 0.18551317448100407}
"GLURS-MONOMER[c]"	69.0199393435698	39654.53344694737	{"gltT-tRNA[c]": 9.486006028321711, "gltU-tRNA[c]": 9.486006028321711, "gltV-tRNA[c]": 9.486006028321711, "gltW-tRNA[c]": 9.486006028321711}	{"gltT-tRNA[c]": 0.25781298756999427, "gltU-tRNA[c]": 0.25781298756999427, "gltV-tRNA[c]": 0.25781298756999427, "gltW-tRNA[c]": 0.25781298756999427}	{"gltT-tRNA[c]": 0.25923904403569115, "gltU-tRNA[c]": 0.25923904403569115, "gltV-tRNA[c]": 0.25923904403569115, "gltW-tRNA[c]": 0.25923904403569115}
"GLNS-MONOMER[c]"	292.7019164266254	4462.601396537159	{"glnU-tRNA[c]": 18.621754926296557, "glnV-tRNA[c]": 53.11445285303207, "glnW-tRNA[c]": 18.621754926296557, "glnX-tRNA[c]": 53.11445285303207}	{"glnU-tRNA[c]": 0.24493827553199787, "glnV-tRNA[c]": 0.3625052318784568, "glnW-tRNA[c]": 0.24493827553199787, "glnX-tRNA[c]": 0.3625052318784568}	{"glnU-tRNA[c]": 0.23905572214276108, "glnV-tRNA[c]": 0.3555268805374798, "glnW-tRNA[c]": 0.23905572214276108, "glnX-tRNA[c]": 0.3555268805374798}
"GLYS-CPLX[c]"	223.73504130189727	631.3064195595545	{"glyT-tRNA[c]": 36.33457517821293, "glyU-tRNA[c]": 82.45679599802646, "glyV-tRNA[c]": 10.874300983939701, "glyW-tRNA[c]": 10.874300983939701, "glyX-tRNA[c]": 10.874300983939701, "glyY-tRNA[c]": 10.874300983939701}	{"glyT-tRNA[c]": 0.25447258672532186, "glyU-tRNA[c]": 0.23843702062281397, "glyV-tRNA[c]": 0.2276705827063054, "glyW-tRNA[c]": 0.2276705827063054, "glyX-tRNA[c]": 0.2276705827063054, "glyY-tRNA[c]": 0.2276705827063054}	{"glyT-tRNA[c]": 0.24543484880092167, "glyU-tRNA[c]": 0.2311840858480902, "glyV-tRNA[c]": 0.21389382666625525, "glyW-tRNA[c]": 0.21389382666625525, "glyX-tRNA[c]": 0.21389382666625525, "glyY-tRNA[c]": 0.21389382666625525}
"HISS-CPLX[c]"	501.5919047105635	110.59808888053735	{"hisR-tRNA[c]": 11.523682650882781}	{"hisR-tRNA[c]": 0.30098354150513956}	{"hisR-tRNA[c]": 0.34178326303442924}
"ILES-MONOMER[c]"	40.73341978740861	61.28545506004846	{"ileT-tRNA[c]": 1.2228682163637044, "ileU-tRNA[c]": 1.2228682163637044, "ileV-tRNA[c]": 1.2228682163637044, "ileX-tRNA[c]": 46.3075112389291, "RNA0-305[c]": 46.3075112389291}	{"ileT-tRNA[c]": 0.08044295333972004, "ileU-tRNA[c]": 0.08044295333972004, "ileV-tRNA[c]": 0.08044295333972004, "ileX-tRNA[c]": 0.11125733645927836, "RNA0-305[c]": 0.11125733645927836}	{"ileT-tRNA[c]": 0.09260601273754396, "ileU-tRNA[c]": 0.09260601273754396, "ileV-tRNA[c]": 0.09260601273754396, "ileX-tRNA[c]": 0.11004226677003018, "RNA0-305[c]": 0.11004226677003018}
"LEUS-MONOMER[c]"	144.5357615793989	72.76424897891657	{"leuP-tRNA[c]": 22.90424163354496, "leuQ-tRNA[c]": 22.90424163354496, "leuT-tRNA[c]": 22.90424163354496, "leuU-tRNA[c]": 12.569715104774703, "leuV-tRNA[c]": 22.90424163354496, "leuW-tRNA[c]": 6.889988278248732, "leuX-tRNA[c]": 114.76994467337067, "leuZ-tRNA[c]": 27.404236078818393}	{"leuP-tRNA[c]": 0.23779506995472005, "leuQ-tRNA[c]": 0.23779506995472005, "leuT-tRNA[c]": 0.23779506995472005, "leuU-tRNA[c]": 0.12062688028054808, "leuV-tRNA[c]": 0.23779506995472005, "leuW-tRNA[c]": 0.10053946281164652, "leuX-tRNA[c]": 0.19583165596371777, "leuZ-tRNA[c]": 0.17555086219213836}	{"leuP-tRNA[c]": 0.28724479745312936, "leuQ-tRNA[c]": 0.28724479745312936, "leuT-tRNA[c]": 0.28724479745312936, "leuU-tRNA[c]": 0.12656280811531895, "leuV-tRNA[c]": 0.28724479745312936, "leuW-tRNA[c]": 0.12299397506911673, "leuX-tRNA[c]": 0.24132131091044703, "leuZ-tRNA[c]": 0.23380504032492627}
"LYSS-CPLX[c]"	136.12393354791084	565.128190975432	{"lysT-tRNA[c]": 16.799882570297214, "lysV-tRNA[c]": 16.799882570297214, "lysW-tRNA[c]": 16.799882570297214, "RNA0-301[c]": 16.799882570297214, "RNA0-302[c]": 16.799882570297214, "RNA0-303[c]": 16.799882570297214}	{"lysT-tRNA[c]": 0.3416986303219841, "lysV-tRNA[c]": 0.3416986303219841, "lysW-tRNA[c]": 0.3416986303219841, "RNA0-301[c]": 0.3416986303219841, "RNA0-302[c]": 0.3416986303219841, "RNA0-303[c]": 0.3416986303219841}	{"lysT-tRNA[c]": 0.2934397517452732, "lysV-tRNA[c]": 0.2934397517452732, "lysW-tRNA[c]": 0.2934397517452732, "RNA0-301[c]": 0.2934397517452732, "RNA0-302[c]": 0.2934397517452732, "RNA0-303[c]": 0.2934397517452732}
"METG-CPLX[c]"	69.70390488230574	50.00160169534827	{"metT-tRNA[c]": 2.4150135861069932, "metU-tRNA[c]": 2.4150135861069932, "RNA0-306[c]": 23.591364642259844, "metY-tRNA[c]": 23.591364642259844, "metZ-tRNA[c]": 23.591364642259844, "metW-tRNA[c]": 23.591364642259844}	{"metT-tRNA[c]": 0.15496096363423578, "metU-tRNA[c]": 0.15496096363423578, "RNA0-306[c]": 0.137099144696043, "metY-tRNA[c]": 0.137099144696043, "metZ-tRNA[c]": 0.137099144696043, "metW-tRNA[c]": 0.137099144696043}	{"metT-tRNA[c]": 0.22143386176256852, "metU-tRNA[c]": 0.22143386176256852, "RNA0-306[c]": 0.18253637543189913, "metY-tRNA[c]": 0.18253637543189913, "metZ-tRNA[c]": 0.18253637543189913, "metW-tRNA[c]": 0.18253637543189913}
"PHES-CPLX[c]"	385.9128246779676	103.03386287707302	{"pheU-tRNA[c]": 10.94283755104484, "pheV-tRNA[c]": 10.94283755104484}	{"pheU-tRNA[c]": 0.22285001681450486, "pheV-tRNA[c]": 0.22285001681450486}	{"pheU-tRNA[c]": 0.3150272371911913, "pheV-tRNA[c]": 0.3150272371911913}
"PROS-CPLX[c]"	189.73871429625154	358.432208360091	{"proK-tRNA[c]": 26.398040125151113, "proL-tRNA[c]": 31.638855942806682, "proM-tRNA[c]": 7.171487107249384}	{"proK-tRNA[c]": 0.4281080790625611, "proL-tRNA[c]": 0.34491451382357896, "proM-tRNA[c]": 0.22638101112109077}	{"proK-tRNA[c]": 0.5051283421298634, "proL-tRNA[c]": 0.35482487604974133, "proM-tRNA[c]": 0.27431540668265486}
"SERS-CPLX[c]"	132.08938209060116	1165.1433064567352	{"serT-tRNA[c]": 37.478272477315905, "serU-tRNA[c]": 46.40467328282945, "serV-tRNA[c]": 11.451665894352173, "serW-tRNA[c]": 3.9351749570568173, "serX-tRNA[c]": 3.9351749570568173}	{"serT-tRNA[c]": 0.22379203718338675, "serU-tRNA[c]": 0.15087929644934034, "serV-tRNA[c]": 0.21664930683751485, "serW-tRNA[c]": 0.17320145770375542, "serX-tRNA[c]": 0.17320145770375542}	{"serT-tRNA[c]": 0.25142262600062365, "serU-tRNA[c]": 0.16946313613581665, "serV-tRNA[c]": 0.24057619681245845, "serW-tRNA[c]": 0.1949004088772999, "serX-tRNA[c]": 0.1949004088772999}
"THRS-CPLX[c]"	132.34105195988406	404.07517047835256	{"thrT-tRNA[c]": 8.254180669244551, "thrU-tRNA[c]": 26.603730937948907, "thrV-tRNA[c]": 8.254180669244551, "thrW-tRNA[c]": 44.09747626529814}	{"thrT-tRNA[c]": 0.18056371968036408, "thrU-tRNA[c]": 0.2212135966640888, "thrV-tRNA[c]": 0.18056371968036408, "thrW-tRNA[c]": 0.20785545118994603}	{"thrT-tRNA[c]": 0.2680403847871899, "thrU-tRNA[c]": 0.27024538640187085, "thrV-tRNA[c]": 0.2680403847871899, "thrW-tRNA[c]": 0.25967160935835226}
"TRPS-CPLX[c]"	85.04552222997512	0.010130982511006623	{"trpT-tRNA[c]": 12.600993974853159}	{"trpT-tRNA[c]": 0.1736037317262537}	{"trpT-tRNA[c]": 0.18987486151124566}
"TYRS-CPLX[c]"	96.50158632467247	162.77812141831035	{"tyrT-tRNA[c]": 9.048986554841596, "tyrU-tRNA[c]": 9.048986554841596, "tyrV-tRNA[c]": 9.048986554841596}	{"tyrT-tRNA[c]": 0.3014338237128832, "tyrU-tRNA[c]": 0.3014338237128832, "tyrV-tRNA[c]": 0.3014338237128832}	{"tyrT-tRNA[c]": 0.26952536467994764, "tyrU-tRNA[c]": 0.26952536467994764, "tyrV-tRNA[c]": 0.26952536467994764}
"VALS-MONOMER[c]"	119.03481146269452	233.85331115701993	{"valT-tRNA[c]": 15.636089918654957, "valU-tRNA[c]": 15.636089918654957, "valV-tRNA[c]": 6.280423676238392, "valW-tRNA[c]": 6.280423676238392, "valX-tRNA[c]": 15.636089918654957, "valY-tRNA[c]": 15.636089918654957, "RNA0-300[c]": 15.636089918654957}	{"valT-tRNA[c]": 0.2022724803534556, "valU-tRNA[c]": 0.2022724803534556, "valV-tRNA[c]": 0.19884184610236028, "valW-tRNA[c]": 0.19884184610236028, "valX-tRNA[c]": 0.2022724803534556, "valY-tRNA[c]": 0.2022724803534556, "RNA0-300[c]": 0.2022724803534556}	{"valT-tRNA[c]": 0.19432166893079994, "valU-tRNA[c]": 0.19432166893079994, "valV-tRNA[c]": 0.22398704669597183, "valW-tRNA[c]": 0.22398704669597183, "valX-tRNA[c]": 0.19432166893079994, "valY-tRNA[c]": 0.19432166893079994, "RNA0-300[c]": 0.19432166893079994}
